#! /usr/bin/vvp
:ivl_version "12.0 (stable)";
:ivl_delay_selection "TYPICAL";
:vpi_time_precision - 12;
:vpi_module "/usr/lib/x86_64-linux-gnu/ivl/system.vpi";
:vpi_module "/usr/lib/x86_64-linux-gnu/ivl/vhdl_sys.vpi";
:vpi_module "/usr/lib/x86_64-linux-gnu/ivl/vhdl_textio.vpi";
:vpi_module "/usr/lib/x86_64-linux-gnu/ivl/v2005_math.vpi";
:vpi_module "/usr/lib/x86_64-linux-gnu/ivl/va_math.vpi";
:vpi_module "/usr/lib/x86_64-linux-gnu/ivl/v2009.vpi";
S_0x5f9bae703810 .scope package, "$unit" "$unit" 2 1;
 .timescale 0 0;
S_0x5f9bae6c01d0 .scope module, "cpuTopPipelined_tb" "cpuTopPipelined_tb" 3 3;
 .timescale -9 -12;
v0x5f9bae74ff50_0 .var "clk", 0 0;
v0x5f9bae750010_0 .var/2s "fail_count", 31 0;
v0x5f9bae7500f0_0 .var/2s "flush_count", 31 0;
v0x5f9bae7501b0_0 .var/2s "pass_count", 31 0;
v0x5f9bae750290_0 .var "reset", 0 0;
v0x5f9bae750380_0 .var/2s "stall_count", 31 0;
S_0x5f9bae6d9e90 .scope autotask, "check_count" "check_count" 3 45, 3 45 0, S_0x5f9bae6c01d0;
 .timescale -9 -12;
v0x5f9bae6be080_0 .var/2s "actual", 31 0;
v0x5f9bae6be240_0 .var/2s "expected", 31 0;
v0x5f9bae6be5e0_0 .var/str "label";
TD_cpuTopPipelined_tb.check_count ;
    %load/vec4 v0x5f9bae6be080_0;
    %load/vec4 v0x5f9bae6be240_0;
    %cmp/e;
    %jmp/0xz  T_0.0, 6;
    ; show_stmt_assign_vector: Get l-value for compressed += operand
    %load/vec4 v0x5f9bae7501b0_0;
    %pushi/vec4 1, 0, 32;
    %add;
    %cast2;
    %store/vec4 v0x5f9bae7501b0_0, 0, 32;
    %vpi_call/w 3 48 "$display", "  PASS  %-32s = %0d", v0x5f9bae6be5e0_0, v0x5f9bae6be080_0 {0 0 0};
    %jmp T_0.1;
T_0.0 ;
    ; show_stmt_assign_vector: Get l-value for compressed += operand
    %load/vec4 v0x5f9bae750010_0;
    %pushi/vec4 1, 0, 32;
    %add;
    %cast2;
    %store/vec4 v0x5f9bae750010_0, 0, 32;
    %vpi_call/w 3 51 "$display", "  FAIL  %-32s: expected %0d, got %0d", v0x5f9bae6be5e0_0, v0x5f9bae6be240_0, v0x5f9bae6be080_0 {0 0 0};
T_0.1 ;
    %end;
S_0x5f9bae6d64f0 .scope autotask, "check_mem_word" "check_mem_word" 3 33, 3 33 0, S_0x5f9bae6c01d0;
 .timescale -9 -12;
v0x5f9bae6feb10_0 .var "actual", 31 0;
v0x5f9bae6d2b20_0 .var "expected", 31 0;
v0x5f9bae6fe0b0_0 .var/str "label";
v0x5f9bae6c3aa0_0 .var "word_idx", 31 0;
TD_cpuTopPipelined_tb.check_mem_word ;
    %ix/getv 4, v0x5f9bae6c3aa0_0;
    %load/vec4a v0x5f9bae73b4d0, 4;
    %store/vec4 v0x5f9bae6feb10_0, 0, 32;
    %load/vec4 v0x5f9bae6feb10_0;
    %load/vec4 v0x5f9bae6d2b20_0;
    %cmp/e;
    %jmp/0xz  T_1.2, 6;
    ; show_stmt_assign_vector: Get l-value for compressed += operand
    %load/vec4 v0x5f9bae7501b0_0;
    %pushi/vec4 1, 0, 32;
    %add;
    %cast2;
    %store/vec4 v0x5f9bae7501b0_0, 0, 32;
    %vpi_call/w 3 38 "$display", "  PASS  dMem[%0d] (%-16s) = 0x%08h", v0x5f9bae6c3aa0_0, v0x5f9bae6fe0b0_0, v0x5f9bae6feb10_0 {0 0 0};
    %jmp T_1.3;
T_1.2 ;
    ; show_stmt_assign_vector: Get l-value for compressed += operand
    %load/vec4 v0x5f9bae750010_0;
    %pushi/vec4 1, 0, 32;
    %add;
    %cast2;
    %store/vec4 v0x5f9bae750010_0, 0, 32;
    %vpi_call/w 3 41 "$display", "  FAIL  dMem[%0d] (%-16s): expected 0x%08h, got 0x%08h", v0x5f9bae6c3aa0_0, v0x5f9bae6fe0b0_0, v0x5f9bae6d2b20_0, v0x5f9bae6feb10_0 {0 0 0};
T_1.3 ;
    %end;
S_0x5f9bae6d6120 .scope autotask, "check_reg" "check_reg" 3 21, 3 21 0, S_0x5f9bae6c01d0;
 .timescale -9 -12;
v0x5f9bae6e3d10_0 .var "actual", 31 0;
v0x5f9bae6f5540_0 .var "expected", 31 0;
v0x5f9bae737f10_0 .var/str "label";
v0x5f9bae737fb0_0 .var "regnum", 4 0;
TD_cpuTopPipelined_tb.check_reg ;
    %load/vec4 v0x5f9bae737fb0_0;
    %pad/u 7;
    %ix/vec4 4;
    %load/vec4a v0x5f9bae749630, 4;
    %store/vec4 v0x5f9bae6e3d10_0, 0, 32;
    %load/vec4 v0x5f9bae6e3d10_0;
    %load/vec4 v0x5f9bae6f5540_0;
    %cmp/e;
    %jmp/0xz  T_2.4, 6;
    ; show_stmt_assign_vector: Get l-value for compressed += operand
    %load/vec4 v0x5f9bae7501b0_0;
    %pushi/vec4 1, 0, 32;
    %add;
    %cast2;
    %store/vec4 v0x5f9bae7501b0_0, 0, 32;
    %vpi_call/w 3 26 "$display", "  PASS  x%0d (%-28s) = 0x%08h", v0x5f9bae737fb0_0, v0x5f9bae737f10_0, v0x5f9bae6e3d10_0 {0 0 0};
    %jmp T_2.5;
T_2.4 ;
    ; show_stmt_assign_vector: Get l-value for compressed += operand
    %load/vec4 v0x5f9bae750010_0;
    %pushi/vec4 1, 0, 32;
    %add;
    %cast2;
    %store/vec4 v0x5f9bae750010_0, 0, 32;
    %vpi_call/w 3 29 "$display", "  FAIL  x%0d (%-28s): expected 0x%08h, got 0x%08h", v0x5f9bae737fb0_0, v0x5f9bae737f10_0, v0x5f9bae6f5540_0, v0x5f9bae6e3d10_0 {0 0 0};
T_2.5 ;
    %end;
S_0x5f9bae738090 .scope autotask, "clear_dut_state" "clear_dut_state" 3 67, 3 67 0, S_0x5f9bae6c01d0;
 .timescale -9 -12;
TD_cpuTopPipelined_tb.clear_dut_state ;
    %fork t_1, S_0x5f9bae738270;
    %jmp t_0;
    .scope S_0x5f9bae738270;
t_1 ;
    %pushi/vec4 0, 0, 32;
    %store/vec4 v0x5f9bae738470_0, 0, 32;
T_3.6 ;
    %load/vec4 v0x5f9bae738470_0;
    %cmpi/s 32, 0, 32;
    %jmp/0xz T_3.7, 5;
    %pushi/vec4 0, 0, 32;
    %ix/getv/s 4, v0x5f9bae738470_0;
    %store/vec4a v0x5f9bae749630, 4, 0;
    ; show_stmt_assign_vector: Get l-value for compressed += operand
    %load/vec4 v0x5f9bae738470_0;
    %pushi/vec4 1, 0, 32;
    %add;
    %cast2;
    %store/vec4 v0x5f9bae738470_0, 0, 32;
    %jmp T_3.6;
T_3.7 ;
    %end;
    .scope S_0x5f9bae738090;
t_0 %join;
    %fork t_3, S_0x5f9bae738570;
    %jmp t_2;
    .scope S_0x5f9bae738570;
t_3 ;
    %pushi/vec4 0, 0, 32;
    %store/vec4 v0x5f9bae738770_0, 0, 32;
T_3.8 ;
    %load/vec4 v0x5f9bae738770_0;
    %cmpi/s 4096, 0, 32;
    %jmp/0xz T_3.9, 5;
    %pushi/vec4 0, 0, 32;
    %ix/getv/s 4, v0x5f9bae738770_0;
    %store/vec4a v0x5f9bae73b4d0, 4, 0;
    ; show_stmt_assign_vector: Get l-value for compressed += operand
    %load/vec4 v0x5f9bae738770_0;
    %pushi/vec4 1, 0, 32;
    %add;
    %cast2;
    %store/vec4 v0x5f9bae738770_0, 0, 32;
    %jmp T_3.8;
T_3.9 ;
    %end;
    .scope S_0x5f9bae738090;
t_2 %join;
    %pushi/vec4 0, 0, 32;
    %store/vec4 v0x5f9bae750380_0, 0, 32;
    %pushi/vec4 0, 0, 32;
    %store/vec4 v0x5f9bae7500f0_0, 0, 32;
    %end;
S_0x5f9bae738270 .scope autobegin, "$ivl_for_loop0" "$ivl_for_loop0" 3 68, 3 68 0, S_0x5f9bae738090;
 .timescale -9 -12;
v0x5f9bae738470_0 .var/2s "i", 31 0;
S_0x5f9bae738570 .scope autobegin, "$ivl_for_loop1" "$ivl_for_loop1" 3 69, 3 69 0, S_0x5f9bae738090;
 .timescale -9 -12;
v0x5f9bae738770_0 .var/2s "i", 31 0;
S_0x5f9bae738850 .scope module, "dut" "cpuTopPipelined" 3 11, 4 3 0, S_0x5f9bae6c01d0;
 .timescale -9 -12;
    .port_info 0 /INPUT 1 "clk";
    .port_info 1 /INPUT 1 "reset";
P_0x5f9bae738a80 .param/l "DMEM_DEPTH" 0 4 5, +C4<00000000000000000001000000000000>;
P_0x5f9bae738ac0 .param/l "IMEM_DEPTH" 0 4 4, +C4<00000000000000000000010000000000>;
P_0x5f9bae738b00 .param/l "OP_JALR" 1 4 11, C4<1100111>;
L_0x5f9bae6be4c0 .functor BUFZ 32, L_0x5f9bae761de0, C4<00000000000000000000000000000000>, C4<00000000000000000000000000000000>, C4<00000000000000000000000000000000>;
L_0x5f9bae6fe9f0 .functor BUFZ 32, L_0x5f9bae762290, C4<00000000000000000000000000000000>, C4<00000000000000000000000000000000>, C4<00000000000000000000000000000000>;
L_0x5f9bae6d2a00 .functor AND 1, v0x5f9bae73e040_0, L_0x5f9bae762800, C4<1>, C4<1>;
L_0x5f9bae6fdf90 .functor OR 1, v0x5f9bae73da40_0, L_0x5f9bae6d2a00, C4<0>, C4<0>;
L_0x5f9bae6c3980 .functor AND 1, v0x5f9bae73da40_0, v0x5f9bae74c080_0, C4<1>, C4<1>;
L_0x5f9bae6e3bf0 .functor OR 1, v0x5f9bae73e040_0, L_0x5f9bae6c3980, C4<0>, C4<0>;
L_0x5f9bae6f5420 .functor AND 1, L_0x5f9bae762a60, L_0x5f9bae6e3bf0, C4<1>, C4<1>;
L_0x5f9bae6649f0 .functor BUFZ 1, L_0x5f9bae6f5420, C4<0>, C4<0>, C4<0>;
L_0x5f9bae764310 .functor BUFZ 1, L_0x5f9bae764440, C4<0>, C4<0>, C4<0>;
L_0x5f9bae764580 .functor BUFZ 1, L_0x5f9bae764440, C4<0>, C4<0>, C4<0>;
L_0x71333dd28018 .functor BUFT 1, C4<00000000000000000000000000000100>, C4<0>, C4<0>, C4<0>;
v0x5f9bae749c60_0 .net/2u *"_ivl_0", 31 0, L_0x71333dd28018;  1 drivers
v0x5f9bae749d60_0 .net *"_ivl_10", 0 0, L_0x5f9bae761bb0;  1 drivers
v0x5f9bae749e20_0 .net *"_ivl_12", 31 0, L_0x5f9bae761ca0;  1 drivers
L_0x71333dd282e8 .functor BUFT 1, C4<01>, C4<0>, C4<0>, C4<0>;
v0x5f9bae749ee0_0 .net/2u *"_ivl_16", 1 0, L_0x71333dd282e8;  1 drivers
v0x5f9bae749fc0_0 .net *"_ivl_18", 0 0, L_0x5f9bae761f70;  1 drivers
L_0x71333dd28330 .functor BUFT 1, C4<10>, C4<0>, C4<0>, C4<0>;
v0x5f9bae74a080_0 .net/2u *"_ivl_20", 1 0, L_0x71333dd28330;  1 drivers
v0x5f9bae74a160_0 .net *"_ivl_22", 0 0, L_0x5f9bae762060;  1 drivers
v0x5f9bae74a220_0 .net *"_ivl_24", 31 0, L_0x5f9bae762150;  1 drivers
v0x5f9bae74a300_0 .net *"_ivl_37", 30 0, L_0x5f9bae762650;  1 drivers
L_0x71333dd28378 .functor BUFT 1, C4<0>, C4<0>, C4<0>, C4<0>;
v0x5f9bae74a470_0 .net/2u *"_ivl_38", 0 0, L_0x71333dd28378;  1 drivers
L_0x71333dd28258 .functor BUFT 1, C4<01>, C4<0>, C4<0>, C4<0>;
v0x5f9bae74a550_0 .net/2u *"_ivl_4", 1 0, L_0x71333dd28258;  1 drivers
L_0x71333dd283c0 .functor BUFT 1, C4<1100111>, C4<0>, C4<0>, C4<0>;
v0x5f9bae74a630_0 .net/2u *"_ivl_42", 6 0, L_0x71333dd283c0;  1 drivers
v0x5f9bae74a710_0 .net *"_ivl_44", 0 0, L_0x5f9bae762800;  1 drivers
v0x5f9bae74a7d0_0 .net *"_ivl_47", 0 0, L_0x5f9bae6d2a00;  1 drivers
v0x5f9bae74a890_0 .net *"_ivl_51", 0 0, L_0x5f9bae762a60;  1 drivers
v0x5f9bae74a950_0 .net *"_ivl_53", 0 0, L_0x5f9bae6c3980;  1 drivers
v0x5f9bae74aa10_0 .net *"_ivl_55", 0 0, L_0x5f9bae6e3bf0;  1 drivers
v0x5f9bae74abe0_0 .net *"_ivl_6", 0 0, L_0x5f9bae761ac0;  1 drivers
L_0x71333dd284e0 .functor BUFT 1, C4<10>, C4<0>, C4<0>, C4<0>;
v0x5f9bae74aca0_0 .net/2u *"_ivl_64", 1 0, L_0x71333dd284e0;  1 drivers
v0x5f9bae74ad80_0 .net *"_ivl_66", 0 0, L_0x5f9bae7646a0;  1 drivers
L_0x71333dd28528 .functor BUFT 1, C4<01>, C4<0>, C4<0>, C4<0>;
v0x5f9bae74ae40_0 .net/2u *"_ivl_68", 1 0, L_0x71333dd28528;  1 drivers
v0x5f9bae74af20_0 .net *"_ivl_70", 0 0, L_0x5f9bae764820;  1 drivers
v0x5f9bae74afe0_0 .net *"_ivl_72", 31 0, L_0x5f9bae7648c0;  1 drivers
L_0x71333dd28570 .functor BUFT 1, C4<10>, C4<0>, C4<0>, C4<0>;
v0x5f9bae74b0c0_0 .net/2u *"_ivl_76", 1 0, L_0x71333dd28570;  1 drivers
v0x5f9bae74b1a0_0 .net *"_ivl_78", 0 0, L_0x5f9bae764bd0;  1 drivers
L_0x71333dd282a0 .functor BUFT 1, C4<10>, C4<0>, C4<0>, C4<0>;
v0x5f9bae74b260_0 .net/2u *"_ivl_8", 1 0, L_0x71333dd282a0;  1 drivers
L_0x71333dd285b8 .functor BUFT 1, C4<01>, C4<0>, C4<0>, C4<0>;
v0x5f9bae74b340_0 .net/2u *"_ivl_80", 1 0, L_0x71333dd285b8;  1 drivers
v0x5f9bae74b420_0 .net *"_ivl_82", 0 0, L_0x5f9bae764960;  1 drivers
v0x5f9bae74b4e0_0 .net *"_ivl_84", 31 0, L_0x5f9bae764e10;  1 drivers
v0x5f9bae74b5c0_0 .net "aluCarryE", 0 0, L_0x5f9bae766270;  1 drivers
v0x5f9bae74b660_0 .net "aluCtrlD", 3 0, v0x5f9bae73d7c0_0;  1 drivers
v0x5f9bae74b700_0 .net "aluCtrlE", 3 0, v0x5f9bae7445f0_0;  1 drivers
v0x5f9bae74b810_0 .net "aluNegativeE", 0 0, L_0x5f9bae765a50;  1 drivers
v0x5f9bae74bac0_0 .net "aluOverflowE", 0 0, L_0x5f9bae766110;  1 drivers
v0x5f9bae74bb60_0 .net "aluResultE", 31 0, v0x5f9bae73a070_0;  1 drivers
v0x5f9bae74bc50_0 .net "aluResultM", 31 0, v0x5f9bae73ee00_0;  1 drivers
v0x5f9bae74bcf0_0 .net "aluResultWReg", 31 0, v0x5f9bae7478e0_0;  1 drivers
v0x5f9bae74bdb0_0 .net "aluSrcD", 0 0, v0x5f9bae73d9a0_0;  1 drivers
v0x5f9bae74bea0_0 .net "aluSrcE", 0 0, v0x5f9bae7447c0_0;  1 drivers
v0x5f9bae74bf40_0 .net "aluZeroE", 0 0, L_0x5f9bae765910;  1 drivers
v0x5f9bae74bfe0_0 .net "branchD", 0 0, v0x5f9bae73da40_0;  1 drivers
v0x5f9bae74c080_0 .var "branchTakenD", 0 0;
v0x5f9bae74c120_0 .net "branchTargetD", 31 0, L_0x5f9bae762420;  1 drivers
v0x5f9bae74c1c0_0 .net "clk", 0 0, v0x5f9bae74ff50_0;  1 drivers
v0x5f9bae74c260_0 .net "dMemReadDataM", 31 0, v0x5f9bae73b730_0;  1 drivers
v0x5f9bae74c350_0 .net "forwardAD", 1 0, v0x5f9bae7408f0_0;  1 drivers
v0x5f9bae74c410_0 .net "forwardAE", 1 0, v0x5f9bae740990_0;  1 drivers
v0x5f9bae74c4e0_0 .net "forwardBD", 1 0, v0x5f9bae740aa0_0;  1 drivers
v0x5f9bae74c5b0_0 .net "forwardBE", 1 0, v0x5f9bae740b80_0;  1 drivers
v0x5f9bae74c680_0 .net "funct3D", 2 0, L_0x5f9bae760b70;  1 drivers
v0x5f9bae74c770_0 .net "funct3E", 2 0, v0x5f9bae744ae0_0;  1 drivers
v0x5f9bae74c880_0 .net "funct3M", 2 0, v0x5f9bae73f040_0;  1 drivers
v0x5f9bae74c990_0 .net "funct7D", 6 0, L_0x5f9bae760d80;  1 drivers
v0x5f9bae74ca50_0 .net "idResolves", 0 0, L_0x5f9bae6fdf90;  1 drivers
v0x5f9bae74caf0_0 .net "ifidFlush", 0 0, L_0x5f9bae6649f0;  1 drivers
v0x5f9bae74cb90_0 .net "ifidStall", 0 0, L_0x5f9bae764580;  1 drivers
v0x5f9bae74cc60_0 .net "immExtD", 31 0, v0x5f9bae73dd10_0;  1 drivers
v0x5f9bae74cd50_0 .net "immExtE", 31 0, v0x5f9bae744c80_0;  1 drivers
v0x5f9bae74cdf0_0 .net "instrD", 31 0, v0x5f9bae746d50_0;  1 drivers
v0x5f9bae74cee0_0 .net "instrF", 31 0, L_0x5f9bae5f3bb0;  1 drivers
v0x5f9bae74cfd0_0 .net "jalrSum", 31 0, L_0x5f9bae762520;  1 drivers
v0x5f9bae74d090_0 .net "jalrTargetD", 31 0, L_0x5f9bae762760;  1 drivers
v0x5f9bae74d170_0 .net "jumpD", 0 0, v0x5f9bae73e040_0;  1 drivers
v0x5f9bae74d210_0 .net "loadUseStall", 0 0, L_0x5f9bae764440;  1 drivers
v0x5f9bae74d300_0 .net "memReadD", 0 0, v0x5f9bae73e100_0;  1 drivers
v0x5f9bae74d3f0_0 .net "memReadE", 0 0, v0x5f9bae744df0_0;  1 drivers
v0x5f9bae74d490_0 .net "memReadM", 0 0, v0x5f9bae73f1d0_0;  1 drivers
v0x5f9bae74d530_0 .net "memWriteD", 0 0, v0x5f9bae73e1c0_0;  1 drivers
v0x5f9bae74d620_0 .net "memWriteE", 0 0, v0x5f9bae744f30_0;  1 drivers
v0x5f9bae74d710_0 .net "memWriteM", 0 0, v0x5f9bae73f350_0;  1 drivers
v0x5f9bae74d800_0 .net "opASelD", 0 0, v0x5f9bae73e280_0;  1 drivers
v0x5f9bae74d8f0_0 .net "opASelE", 0 0, v0x5f9bae7450d0_0;  1 drivers
v0x5f9bae74d990_0 .net "opcodeD", 6 0, L_0x5f9bae760950;  1 drivers
v0x5f9bae74da30_0 .net "pcD", 31 0, v0x5f9bae746f10_0;  1 drivers
v0x5f9bae74db20_0 .net "pcE", 31 0, v0x5f9bae745210_0;  1 drivers
v0x5f9bae74dbc0_0 .var "pcF", 31 0;
v0x5f9bae74dcb0_0 .net "pcFPlus4", 31 0, L_0x5f9bae760470;  1 drivers
v0x5f9bae74dd70_0 .var "pcNext", 31 0;
v0x5f9bae74de30_0 .net "pcPlus4D", 31 0, v0x5f9bae7470a0_0;  1 drivers
v0x5f9bae74df40_0 .net "pcPlus4E", 31 0, v0x5f9bae745390_0;  1 drivers
v0x5f9bae74e050_0 .net "pcPlus4M", 31 0, v0x5f9bae73f4e0_0;  1 drivers
v0x5f9bae74e160_0 .net "pcPlus4W", 31 0, v0x5f9bae747b90_0;  1 drivers
v0x5f9bae74e220_0 .net "pcRedirect", 0 0, L_0x5f9bae6f5420;  1 drivers
v0x5f9bae74e2c0_0 .net "pcStall", 0 0, L_0x5f9bae764310;  1 drivers
v0x5f9bae74e380_0 .net "rdAddrD", 4 0, L_0x5f9bae760a40;  1 drivers
v0x5f9bae74e490_0 .net "rdAddrE", 4 0, v0x5f9bae745550_0;  1 drivers
v0x5f9bae74e550_0 .net "rdAddrM", 4 0, v0x5f9bae73f6a0_0;  1 drivers
v0x5f9bae74e610_0 .net "rdAddrW", 4 0, v0x5f9bae747d10_0;  1 drivers
v0x5f9bae74e6d0_0 .net "readDataW", 31 0, v0x5f9bae747ea0_0;  1 drivers
v0x5f9bae74e790_0 .net "regWriteD", 0 0, v0x5f9bae73e500_0;  1 drivers
v0x5f9bae74e830_0 .net "regWriteE", 0 0, v0x5f9bae7456e0_0;  1 drivers
v0x5f9bae74e8d0_0 .net "regWriteM", 0 0, v0x5f9bae73f840_0;  1 drivers
v0x5f9bae74e970_0 .net "regWriteW", 0 0, v0x5f9bae748090_0;  1 drivers
v0x5f9bae74ea10_0 .net "reset", 0 0, v0x5f9bae750290_0;  1 drivers
v0x5f9bae74eb40_0 .net "resultSrcD", 1 0, v0x5f9bae73e5c0_0;  1 drivers
v0x5f9bae74ebe0_0 .net "resultSrcE", 1 0, v0x5f9bae745940_0;  1 drivers
v0x5f9bae74ecf0_0 .net "resultSrcM", 1 0, v0x5f9bae73fbb0_0;  1 drivers
v0x5f9bae74ee00_0 .net "resultSrcW", 1 0, v0x5f9bae7482a0_0;  1 drivers
v0x5f9bae74eec0_0 .var "resultW", 31 0;
v0x5f9bae74ef60_0 .net "rs1AddrD", 4 0, L_0x5f9bae760c10;  1 drivers
v0x5f9bae74f000_0 .net "rs1AddrE", 4 0, v0x5f9bae745ab0_0;  1 drivers
v0x5f9bae74f110_0 .net "rs1DataD", 31 0, L_0x5f9bae761290;  1 drivers
v0x5f9bae74f1d0_0 .net "rs1DataDFwd", 31 0, L_0x5f9bae761de0;  1 drivers
v0x5f9bae74f270_0 .net "rs1DataE", 31 0, v0x5f9bae745c40_0;  1 drivers
v0x5f9bae74f310_0 .net "rs1DataEFwd", 31 0, L_0x5f9bae764ae0;  1 drivers
v0x5f9bae74f3d0_0 .net/s "rs1SignedD", 31 0, L_0x5f9bae6be4c0;  1 drivers
v0x5f9bae74f4b0_0 .net "rs2AddrD", 4 0, L_0x5f9bae760ce0;  1 drivers
v0x5f9bae74f570_0 .net "rs2AddrE", 4 0, v0x5f9bae745de0_0;  1 drivers
v0x5f9bae74f680_0 .net "rs2DataD", 31 0, L_0x5f9bae761890;  1 drivers
v0x5f9bae74f740_0 .net "rs2DataDFwd", 31 0, L_0x5f9bae762290;  1 drivers
v0x5f9bae74f7e0_0 .net "rs2DataE", 31 0, v0x5f9bae7461a0_0;  1 drivers
v0x5f9bae74f880_0 .net "rs2DataEFwd", 31 0, L_0x5f9bae764f70;  1 drivers
v0x5f9bae74f920_0 .net/s "rs2SignedD", 31 0, L_0x5f9bae6fe9f0;  1 drivers
v0x5f9bae74f9e0_0 .net "srcA", 31 0, L_0x5f9bae765100;  1 drivers
v0x5f9bae74faa0_0 .net "srcB", 31 0, L_0x5f9bae765310;  1 drivers
v0x5f9bae74fb40_0 .net "writeDataM", 31 0, v0x5f9bae73fd70_0;  1 drivers
E_0x5f9bae66b9d0 .event anyedge, v0x5f9bae7482a0_0, v0x5f9bae7478e0_0, v0x5f9bae747ea0_0, v0x5f9bae747b90_0;
E_0x5f9bae66adb0/0 .event anyedge, v0x5f9bae73e040_0, v0x5f9bae73e340_0, v0x5f9bae74d090_0, v0x5f9bae73da40_0;
E_0x5f9bae66adb0/1 .event anyedge, v0x5f9bae74c080_0, v0x5f9bae74c120_0, v0x5f9bae746fe0_0;
E_0x5f9bae66adb0 .event/or E_0x5f9bae66adb0/0, E_0x5f9bae66adb0/1;
E_0x5f9bae66a1e0/0 .event anyedge, v0x5f9bae73db00_0, v0x5f9bae745b80_0, v0x5f9bae7460e0_0, v0x5f9bae74f3d0_0;
E_0x5f9bae66a1e0/1 .event anyedge, v0x5f9bae74f920_0;
E_0x5f9bae66a1e0 .event/or E_0x5f9bae66a1e0/0, E_0x5f9bae66a1e0/1;
L_0x5f9bae760470 .arith/sum 32, v0x5f9bae74dbc0_0, L_0x71333dd28018;
L_0x5f9bae761ac0 .cmp/eq 2, v0x5f9bae7408f0_0, L_0x71333dd28258;
L_0x5f9bae761bb0 .cmp/eq 2, v0x5f9bae7408f0_0, L_0x71333dd282a0;
L_0x5f9bae761ca0 .functor MUXZ 32, L_0x5f9bae761290, v0x5f9bae74eec0_0, L_0x5f9bae761bb0, C4<>;
L_0x5f9bae761de0 .functor MUXZ 32, L_0x5f9bae761ca0, v0x5f9bae73ee00_0, L_0x5f9bae761ac0, C4<>;
L_0x5f9bae761f70 .cmp/eq 2, v0x5f9bae740aa0_0, L_0x71333dd282e8;
L_0x5f9bae762060 .cmp/eq 2, v0x5f9bae740aa0_0, L_0x71333dd28330;
L_0x5f9bae762150 .functor MUXZ 32, L_0x5f9bae761890, v0x5f9bae74eec0_0, L_0x5f9bae762060, C4<>;
L_0x5f9bae762290 .functor MUXZ 32, L_0x5f9bae762150, v0x5f9bae73ee00_0, L_0x5f9bae761f70, C4<>;
L_0x5f9bae762420 .arith/sum 32, v0x5f9bae746f10_0, v0x5f9bae73dd10_0;
L_0x5f9bae762520 .arith/sum 32, L_0x5f9bae761de0, v0x5f9bae73dd10_0;
L_0x5f9bae762650 .part L_0x5f9bae762520, 1, 31;
L_0x5f9bae762760 .concat [ 1 31 0 0], L_0x71333dd28378, L_0x5f9bae762650;
L_0x5f9bae762800 .cmp/eq 7, L_0x5f9bae760950, L_0x71333dd283c0;
L_0x5f9bae762a60 .reduce/nor L_0x5f9bae764440;
L_0x5f9bae7646a0 .cmp/eq 2, v0x5f9bae740990_0, L_0x71333dd284e0;
L_0x5f9bae764820 .cmp/eq 2, v0x5f9bae740990_0, L_0x71333dd28528;
L_0x5f9bae7648c0 .functor MUXZ 32, v0x5f9bae745c40_0, v0x5f9bae74eec0_0, L_0x5f9bae764820, C4<>;
L_0x5f9bae764ae0 .functor MUXZ 32, L_0x5f9bae7648c0, v0x5f9bae73ee00_0, L_0x5f9bae7646a0, C4<>;
L_0x5f9bae764bd0 .cmp/eq 2, v0x5f9bae740b80_0, L_0x71333dd28570;
L_0x5f9bae764960 .cmp/eq 2, v0x5f9bae740b80_0, L_0x71333dd285b8;
L_0x5f9bae764e10 .functor MUXZ 32, v0x5f9bae7461a0_0, v0x5f9bae74eec0_0, L_0x5f9bae764960, C4<>;
L_0x5f9bae764f70 .functor MUXZ 32, L_0x5f9bae764e10, v0x5f9bae73ee00_0, L_0x5f9bae764bd0, C4<>;
L_0x5f9bae765100 .functor MUXZ 32, L_0x5f9bae764ae0, v0x5f9bae745210_0, v0x5f9bae7450d0_0, C4<>;
L_0x5f9bae765310 .functor MUXZ 32, L_0x5f9bae764f70, v0x5f9bae744c80_0, v0x5f9bae7447c0_0, C4<>;
S_0x5f9bae738ca0 .scope module, "u_alu" "alu" 4 269, 5 1 0, S_0x5f9bae738850;
 .timescale -9 -12;
    .port_info 0 /INPUT 32 "a";
    .port_info 1 /INPUT 32 "b";
    .port_info 2 /INPUT 4 "op";
    .port_info 3 /OUTPUT 32 "result";
    .port_info 4 /OUTPUT 1 "zero";
    .port_info 5 /OUTPUT 1 "negative";
    .port_info 6 /OUTPUT 1 "overflow";
    .port_info 7 /OUTPUT 1 "carry";
L_0x5f9bae765800 .functor XOR 1, L_0x5f9bae765bd0, L_0x5f9bae765d00, C4<0>, C4<0>;
L_0x5f9bae765df0 .functor NOT 1, L_0x5f9bae765800, C4<0>, C4<0>, C4<0>;
L_0x5f9bae766050 .functor XOR 1, L_0x5f9bae765eb0, L_0x5f9bae765f50, C4<0>, C4<0>;
L_0x5f9bae766110 .functor AND 1, L_0x5f9bae765df0, L_0x5f9bae766050, C4<1>, C4<1>;
L_0x71333dd28690 .functor BUFT 1, C4<00000000000000000000000000000000>, C4<0>, C4<0>, C4<0>;
v0x5f9bae738fe0_0 .net/2u *"_ivl_12", 31 0, L_0x71333dd28690;  1 drivers
v0x5f9bae7390e0_0 .net *"_ivl_19", 0 0, L_0x5f9bae765bd0;  1 drivers
L_0x71333dd28600 .functor BUFT 1, C4<0>, C4<0>, C4<0>, C4<0>;
v0x5f9bae7391c0_0 .net/2u *"_ivl_2", 0 0, L_0x71333dd28600;  1 drivers
v0x5f9bae739280_0 .net *"_ivl_21", 0 0, L_0x5f9bae765d00;  1 drivers
v0x5f9bae739360_0 .net *"_ivl_22", 0 0, L_0x5f9bae765800;  1 drivers
v0x5f9bae739490_0 .net *"_ivl_24", 0 0, L_0x5f9bae765df0;  1 drivers
v0x5f9bae739570_0 .net *"_ivl_27", 0 0, L_0x5f9bae765eb0;  1 drivers
v0x5f9bae739650_0 .net *"_ivl_29", 0 0, L_0x5f9bae765f50;  1 drivers
v0x5f9bae739730_0 .net *"_ivl_30", 0 0, L_0x5f9bae766050;  1 drivers
v0x5f9bae739810_0 .net *"_ivl_4", 32 0, L_0x5f9bae765540;  1 drivers
L_0x71333dd28648 .functor BUFT 1, C4<0>, C4<0>, C4<0>, C4<0>;
v0x5f9bae7398f0_0 .net/2u *"_ivl_6", 0 0, L_0x71333dd28648;  1 drivers
v0x5f9bae7399d0_0 .net *"_ivl_8", 32 0, L_0x5f9bae765630;  1 drivers
v0x5f9bae739ab0_0 .net "a", 31 0, L_0x5f9bae765100;  alias, 1 drivers
v0x5f9bae739b90_0 .net "b", 31 0, L_0x5f9bae765310;  alias, 1 drivers
v0x5f9bae739c70_0 .net "carry", 0 0, L_0x5f9bae766270;  alias, 1 drivers
v0x5f9bae739d30_0 .net "carry_result", 32 0, L_0x5f9bae765760;  1 drivers
v0x5f9bae739e10_0 .net "negative", 0 0, L_0x5f9bae765a50;  alias, 1 drivers
v0x5f9bae739ed0_0 .net "op", 3 0, v0x5f9bae7445f0_0;  alias, 1 drivers
v0x5f9bae739fb0_0 .net "overflow", 0 0, L_0x5f9bae766110;  alias, 1 drivers
v0x5f9bae73a070_0 .var "result", 31 0;
v0x5f9bae73a150_0 .net "shamt", 4 0, L_0x5f9bae7654a0;  1 drivers
v0x5f9bae73a230_0 .net "zero", 0 0, L_0x5f9bae765910;  alias, 1 drivers
E_0x5f9bae66b650/0 .event anyedge, v0x5f9bae739ed0_0, v0x5f9bae739ab0_0, v0x5f9bae739b90_0, v0x5f9bae73a150_0;
E_0x5f9bae66b650/1 .event anyedge, v0x5f9bae739b90_0;
E_0x5f9bae66b650 .event/or E_0x5f9bae66b650/0, E_0x5f9bae66b650/1;
L_0x5f9bae7654a0 .part L_0x5f9bae765310, 0, 5;
L_0x5f9bae765540 .concat [ 32 1 0 0], L_0x5f9bae765100, L_0x71333dd28600;
L_0x5f9bae765630 .concat [ 32 1 0 0], L_0x5f9bae765310, L_0x71333dd28648;
L_0x5f9bae765760 .arith/sum 33, L_0x5f9bae765540, L_0x5f9bae765630;
L_0x5f9bae765910 .cmp/eq 32, v0x5f9bae73a070_0, L_0x71333dd28690;
L_0x5f9bae765a50 .part v0x5f9bae73a070_0, 31, 1;
L_0x5f9bae765bd0 .part L_0x5f9bae765100, 31, 1;
L_0x5f9bae765d00 .part L_0x5f9bae765310, 31, 1;
L_0x5f9bae765eb0 .part L_0x5f9bae765100, 31, 1;
L_0x5f9bae765f50 .part v0x5f9bae73a070_0, 31, 1;
L_0x5f9bae766270 .part L_0x5f9bae765760, 32, 1;
S_0x5f9bae73a3f0 .scope module, "u_dMem" "dMem" 4 323, 6 1 0, S_0x5f9bae738850;
 .timescale -9 -12;
    .port_info 0 /INPUT 1 "clk";
    .port_info 1 /INPUT 1 "mem_write";
    .port_info 2 /INPUT 32 "addr";
    .port_info 3 /INPUT 32 "write_data";
    .port_info 4 /INPUT 3 "funct3";
    .port_info 5 /OUTPUT 32 "read_data";
P_0x5f9bae674df0 .param/l "DEPTH" 0 6 2, +C4<00000000000000000001000000000000>;
P_0x5f9bae674e30 .param/l "WORD_BITS" 1 6 12, +C4<00000000000000000000000000001100>;
L_0x5f9bae766830 .functor BUFZ 32, L_0x5f9bae766600, C4<00000000000000000000000000000000>, C4<00000000000000000000000000000000>, C4<00000000000000000000000000000000>;
v0x5f9bae73aa20_0 .net *"_ivl_12", 31 0, L_0x5f9bae7668f0;  1 drivers
L_0x71333dd28720 .functor BUFT 1, C4<000000000000000000000000000000>, C4<0>, C4<0>, C4<0>;
v0x5f9bae73ab20_0 .net *"_ivl_15", 29 0, L_0x71333dd28720;  1 drivers
L_0x71333dd28768 .functor BUFT 1, C4<00000000000000000000000000001000>, C4<0>, C4<0>, C4<0>;
v0x5f9bae73ac00_0 .net/2u *"_ivl_16", 31 0, L_0x71333dd28768;  1 drivers
v0x5f9bae73acc0_0 .net *"_ivl_19", 31 0, L_0x5f9bae766a30;  1 drivers
v0x5f9bae73ada0_0 .net *"_ivl_4", 31 0, L_0x5f9bae766600;  1 drivers
v0x5f9bae73aed0_0 .net *"_ivl_6", 13 0, L_0x5f9bae7666a0;  1 drivers
L_0x71333dd286d8 .functor BUFT 1, C4<00>, C4<0>, C4<0>, C4<0>;
v0x5f9bae73afb0_0 .net *"_ivl_9", 1 0, L_0x71333dd286d8;  1 drivers
v0x5f9bae73b090_0 .net "addr", 31 0, v0x5f9bae73ee00_0;  alias, 1 drivers
v0x5f9bae73b170_0 .var "byte_enable", 3 0;
v0x5f9bae73b250_0 .net "byte_offset", 1 0, L_0x5f9bae766560;  1 drivers
v0x5f9bae73b330_0 .net "clk", 0 0, v0x5f9bae74ff50_0;  alias, 1 drivers
v0x5f9bae73b3f0_0 .net "funct3", 2 0, v0x5f9bae73f040_0;  alias, 1 drivers
v0x5f9bae73b4d0 .array "mem", 4095 0, 31 0;
v0x5f9bae73b590_0 .net "mem_write", 0 0, v0x5f9bae73f350_0;  alias, 1 drivers
v0x5f9bae73b650_0 .net "raw_word", 31 0, L_0x5f9bae766830;  1 drivers
v0x5f9bae73b730_0 .var "read_data", 31 0;
v0x5f9bae73b810_0 .net "shifted_rdata", 31 0, L_0x5f9bae766b70;  1 drivers
v0x5f9bae73b8f0_0 .var "shifted_wdata", 31 0;
v0x5f9bae73b9d0_0 .net "word_addr", 11 0, L_0x5f9bae7663b0;  1 drivers
v0x5f9bae73bab0_0 .net "write_data", 31 0, v0x5f9bae73fd70_0;  alias, 1 drivers
E_0x5f9bae66b0d0/0 .event anyedge, v0x5f9bae73b3f0_0, v0x5f9bae73b810_0, v0x5f9bae73b810_0, v0x5f9bae73b810_0;
E_0x5f9bae66b0d0/1 .event anyedge, v0x5f9bae73b810_0, v0x5f9bae73b650_0;
E_0x5f9bae66b0d0 .event/or E_0x5f9bae66b0d0/0, E_0x5f9bae66b0d0/1;
E_0x5f9bae66b390 .event posedge, v0x5f9bae73b330_0;
E_0x5f9bae66aad0 .event anyedge, v0x5f9bae73bab0_0, v0x5f9bae73b250_0, v0x5f9bae73b3f0_0;
L_0x5f9bae7663b0 .part v0x5f9bae73ee00_0, 2, 12;
L_0x5f9bae766560 .part v0x5f9bae73ee00_0, 0, 2;
L_0x5f9bae766600 .array/port v0x5f9bae73b4d0, L_0x5f9bae7666a0;
L_0x5f9bae7666a0 .concat [ 12 2 0 0], L_0x5f9bae7663b0, L_0x71333dd286d8;
L_0x5f9bae7668f0 .concat [ 2 30 0 0], L_0x5f9bae766560, L_0x71333dd28720;
L_0x5f9bae766a30 .arith/mult 32, L_0x5f9bae7668f0, L_0x71333dd28768;
L_0x5f9bae766b70 .shift/r 32, L_0x5f9bae766830, L_0x5f9bae766a30;
S_0x5f9bae73a720 .scope begin, "$ivl_for_loop2" "$ivl_for_loop2" 6 25, 6 25 0, S_0x5f9bae73a3f0;
 .timescale -9 -12;
v0x5f9bae73a920_0 .var/2s "i", 31 0;
S_0x5f9bae73bc50 .scope module, "u_decoder" "decoder" 4 67, 7 3 0, S_0x5f9bae738850;
 .timescale -9 -12;
    .port_info 0 /INPUT 32 "instr";
    .port_info 1 /OUTPUT 7 "opcode";
    .port_info 2 /OUTPUT 5 "rdAddr";
    .port_info 3 /OUTPUT 5 "rs1Addr";
    .port_info 4 /OUTPUT 5 "rs2Addr";
    .port_info 5 /OUTPUT 3 "funct3";
    .port_info 6 /OUTPUT 7 "funct7";
    .port_info 7 /OUTPUT 32 "immExt";
    .port_info 8 /OUTPUT 1 "regWrite";
    .port_info 9 /OUTPUT 1 "aluSrc";
    .port_info 10 /OUTPUT 1 "opASel";
    .port_info 11 /OUTPUT 1 "memRead";
    .port_info 12 /OUTPUT 1 "memWrite";
    .port_info 13 /OUTPUT 2 "resultSrc";
    .port_info 14 /OUTPUT 1 "branch";
    .port_info 15 /OUTPUT 1 "jump";
    .port_info 16 /OUTPUT 4 "aluCtrl";
P_0x5f9bae73bde0 .param/l "ALUOP_ADD" 1 7 47, C4<000>;
P_0x5f9bae73be20 .param/l "ALUOP_AUIPC" 1 7 51, C4<100>;
P_0x5f9bae73be60 .param/l "ALUOP_FUNCT" 1 7 49, C4<010>;
P_0x5f9bae73bea0 .param/l "ALUOP_LUI" 1 7 50, C4<011>;
P_0x5f9bae73bee0 .param/l "ALUOP_SUB" 1 7 48, C4<001>;
P_0x5f9bae73bf20 .param/l "ALU_ADD" 1 7 161, C4<0000>;
P_0x5f9bae73bf60 .param/l "ALU_AND" 1 7 163, C4<0010>;
P_0x5f9bae73bfa0 .param/l "ALU_AUIPC" 1 7 172, C4<1011>;
P_0x5f9bae73bfe0 .param/l "ALU_LUI" 1 7 173, C4<1100>;
P_0x5f9bae73c020 .param/l "ALU_NOR" 1 7 165, C4<0100>;
P_0x5f9bae73c060 .param/l "ALU_OR" 1 7 164, C4<0011>;
P_0x5f9bae73c0a0 .param/l "ALU_PASSA" 1 7 174, C4<1101>;
P_0x5f9bae73c0e0 .param/l "ALU_PASSB" 1 7 175, C4<1110>;
P_0x5f9bae73c120 .param/l "ALU_SLL" 1 7 167, C4<0110>;
P_0x5f9bae73c160 .param/l "ALU_SLT" 1 7 170, C4<1001>;
P_0x5f9bae73c1a0 .param/l "ALU_SLTU" 1 7 171, C4<1010>;
P_0x5f9bae73c1e0 .param/l "ALU_SRA" 1 7 169, C4<1000>;
P_0x5f9bae73c220 .param/l "ALU_SRL" 1 7 168, C4<0111>;
P_0x5f9bae73c260 .param/l "ALU_SUB" 1 7 162, C4<0001>;
P_0x5f9bae73c2a0 .param/l "ALU_XOR" 1 7 166, C4<0101>;
P_0x5f9bae73c2e0 .param/l "ALU_ZERO" 1 7 176, C4<1111>;
P_0x5f9bae73c320 .param/l "IMM_B" 1 7 40, C4<010>;
P_0x5f9bae73c360 .param/l "IMM_I" 1 7 38, C4<000>;
P_0x5f9bae73c3a0 .param/l "IMM_J" 1 7 42, C4<100>;
P_0x5f9bae73c3e0 .param/l "IMM_S" 1 7 39, C4<001>;
P_0x5f9bae73c420 .param/l "IMM_U" 1 7 41, C4<011>;
P_0x5f9bae73c460 .param/l "OP_AUIPC" 1 7 62, C4<0010111>;
P_0x5f9bae73c4a0 .param/l "OP_BRANCH" 1 7 58, C4<1100011>;
P_0x5f9bae73c4e0 .param/l "OP_ITYPE" 1 7 57, C4<0010011>;
P_0x5f9bae73c520 .param/l "OP_JAL" 1 7 59, C4<1101111>;
P_0x5f9bae73c560 .param/l "OP_JALR" 1 7 60, C4<1100111>;
P_0x5f9bae73c5a0 .param/l "OP_LOAD" 1 7 54, C4<0000011>;
P_0x5f9bae73c5e0 .param/l "OP_LUI" 1 7 61, C4<0110111>;
P_0x5f9bae73c620 .param/l "OP_RTYPE" 1 7 56, C4<0110011>;
P_0x5f9bae73c660 .param/l "OP_STORE" 1 7 55, C4<0100011>;
v0x5f9bae73d7c0_0 .var "aluCtrl", 3 0;
v0x5f9bae73d8c0_0 .var "aluOp", 2 0;
v0x5f9bae73d9a0_0 .var "aluSrc", 0 0;
v0x5f9bae73da40_0 .var "branch", 0 0;
v0x5f9bae73db00_0 .net "funct3", 2 0, L_0x5f9bae760b70;  alias, 1 drivers
v0x5f9bae73dc30_0 .net "funct7", 6 0, L_0x5f9bae760d80;  alias, 1 drivers
v0x5f9bae73dd10_0 .var "immExt", 31 0;
v0x5f9bae73ddf0_0 .var "immSrc", 2 0;
v0x5f9bae73ded0_0 .net "instr", 31 0, v0x5f9bae746d50_0;  alias, 1 drivers
v0x5f9bae73e040_0 .var "jump", 0 0;
v0x5f9bae73e100_0 .var "memRead", 0 0;
v0x5f9bae73e1c0_0 .var "memWrite", 0 0;
v0x5f9bae73e280_0 .var "opASel", 0 0;
v0x5f9bae73e340_0 .net "opcode", 6 0, L_0x5f9bae760950;  alias, 1 drivers
v0x5f9bae73e420_0 .net "rdAddr", 4 0, L_0x5f9bae760a40;  alias, 1 drivers
v0x5f9bae73e500_0 .var "regWrite", 0 0;
v0x5f9bae73e5c0_0 .var "resultSrc", 1 0;
v0x5f9bae73e7b0_0 .net "rs1Addr", 4 0, L_0x5f9bae760c10;  alias, 1 drivers
v0x5f9bae73e890_0 .net "rs2Addr", 4 0, L_0x5f9bae760ce0;  alias, 1 drivers
E_0x5f9bae66bd90 .event anyedge, v0x5f9bae73d8c0_0, v0x5f9bae73db00_0, v0x5f9bae73dc30_0, v0x5f9bae73e340_0;
E_0x5f9bae66adf0/0 .event anyedge, v0x5f9bae73ddf0_0, v0x5f9bae73ded0_0, v0x5f9bae73ded0_0, v0x5f9bae73ded0_0;
E_0x5f9bae66adf0/1 .event anyedge, v0x5f9bae73ded0_0, v0x5f9bae73ded0_0, v0x5f9bae73ded0_0, v0x5f9bae73ded0_0;
E_0x5f9bae66adf0/2 .event anyedge, v0x5f9bae73ded0_0, v0x5f9bae73ded0_0, v0x5f9bae73ded0_0, v0x5f9bae73ded0_0;
E_0x5f9bae66adf0 .event/or E_0x5f9bae66adf0/0, E_0x5f9bae66adf0/1, E_0x5f9bae66adf0/2;
E_0x5f9bae5ecd90 .event anyedge, v0x5f9bae73e340_0;
L_0x5f9bae760950 .part v0x5f9bae746d50_0, 0, 7;
L_0x5f9bae760a40 .part v0x5f9bae746d50_0, 7, 5;
L_0x5f9bae760b70 .part v0x5f9bae746d50_0, 12, 3;
L_0x5f9bae760c10 .part v0x5f9bae746d50_0, 15, 5;
L_0x5f9bae760ce0 .part v0x5f9bae746d50_0, 20, 5;
L_0x5f9bae760d80 .part v0x5f9bae746d50_0, 25, 7;
S_0x5f9bae73eb90 .scope module, "u_exmemReg" "exmemReg" 4 289, 8 3 0, S_0x5f9bae738850;
 .timescale -9 -12;
    .port_info 0 /INPUT 1 "clk";
    .port_info 1 /INPUT 1 "reset";
    .port_info 2 /INPUT 32 "aluResultIn";
    .port_info 3 /INPUT 32 "writeDataIn";
    .port_info 4 /INPUT 5 "rdAddrIn";
    .port_info 5 /INPUT 3 "funct3In";
    .port_info 6 /INPUT 32 "pcPlus4In";
    .port_info 7 /INPUT 1 "regWriteIn";
    .port_info 8 /INPUT 1 "memReadIn";
    .port_info 9 /INPUT 1 "memWriteIn";
    .port_info 10 /INPUT 2 "resultSrcIn";
    .port_info 11 /OUTPUT 32 "aluResultOut";
    .port_info 12 /OUTPUT 32 "writeDataOut";
    .port_info 13 /OUTPUT 5 "rdAddrOut";
    .port_info 14 /OUTPUT 3 "funct3Out";
    .port_info 15 /OUTPUT 32 "pcPlus4Out";
    .port_info 16 /OUTPUT 1 "regWriteOut";
    .port_info 17 /OUTPUT 1 "memReadOut";
    .port_info 18 /OUTPUT 1 "memWriteOut";
    .port_info 19 /OUTPUT 2 "resultSrcOut";
v0x5f9bae73ed20_0 .net "aluResultIn", 31 0, v0x5f9bae73a070_0;  alias, 1 drivers
v0x5f9bae73ee00_0 .var "aluResultOut", 31 0;
v0x5f9bae73eea0_0 .net "clk", 0 0, v0x5f9bae74ff50_0;  alias, 1 drivers
v0x5f9bae73efa0_0 .net "funct3In", 2 0, v0x5f9bae744ae0_0;  alias, 1 drivers
v0x5f9bae73f040_0 .var "funct3Out", 2 0;
v0x5f9bae73f130_0 .net "memReadIn", 0 0, v0x5f9bae744df0_0;  alias, 1 drivers
v0x5f9bae73f1d0_0 .var "memReadOut", 0 0;
v0x5f9bae73f290_0 .net "memWriteIn", 0 0, v0x5f9bae744f30_0;  alias, 1 drivers
v0x5f9bae73f350_0 .var "memWriteOut", 0 0;
v0x5f9bae73f420_0 .net "pcPlus4In", 31 0, v0x5f9bae745390_0;  alias, 1 drivers
v0x5f9bae73f4e0_0 .var "pcPlus4Out", 31 0;
v0x5f9bae73f5c0_0 .net "rdAddrIn", 4 0, v0x5f9bae745550_0;  alias, 1 drivers
v0x5f9bae73f6a0_0 .var "rdAddrOut", 4 0;
v0x5f9bae73f780_0 .net "regWriteIn", 0 0, v0x5f9bae7456e0_0;  alias, 1 drivers
v0x5f9bae73f840_0 .var "regWriteOut", 0 0;
v0x5f9bae73f900_0 .net "reset", 0 0, v0x5f9bae750290_0;  alias, 1 drivers
v0x5f9bae73f9c0_0 .net "resultSrcIn", 1 0, v0x5f9bae745940_0;  alias, 1 drivers
v0x5f9bae73fbb0_0 .var "resultSrcOut", 1 0;
v0x5f9bae73fc90_0 .net "writeDataIn", 31 0, L_0x5f9bae764f70;  alias, 1 drivers
v0x5f9bae73fd70_0 .var "writeDataOut", 31 0;
S_0x5f9bae740170 .scope module, "u_forwardUnit" "forwardUnit" 4 241, 9 3 0, S_0x5f9bae738850;
 .timescale -9 -12;
    .port_info 0 /INPUT 5 "idExRs1Addr";
    .port_info 1 /INPUT 5 "idExRs2Addr";
    .port_info 2 /INPUT 5 "idRs1Addr";
    .port_info 3 /INPUT 5 "idRs2Addr";
    .port_info 4 /INPUT 1 "exMemRegWrite";
    .port_info 5 /INPUT 1 "exMemMemRead";
    .port_info 6 /INPUT 5 "exMemRdAddr";
    .port_info 7 /INPUT 1 "memWbRegWrite";
    .port_info 8 /INPUT 5 "memWbRdAddr";
    .port_info 9 /OUTPUT 2 "forwardAE";
    .port_info 10 /OUTPUT 2 "forwardBE";
    .port_info 11 /OUTPUT 2 "forwardAD";
    .port_info 12 /OUTPUT 2 "forwardBD";
v0x5f9bae740650_0 .net "exMemMemRead", 0 0, v0x5f9bae73f1d0_0;  alias, 1 drivers
v0x5f9bae740720_0 .net "exMemRdAddr", 4 0, v0x5f9bae73f6a0_0;  alias, 1 drivers
v0x5f9bae7407f0_0 .net "exMemRegWrite", 0 0, v0x5f9bae73f840_0;  alias, 1 drivers
v0x5f9bae7408f0_0 .var "forwardAD", 1 0;
v0x5f9bae740990_0 .var "forwardAE", 1 0;
v0x5f9bae740aa0_0 .var "forwardBD", 1 0;
v0x5f9bae740b80_0 .var "forwardBE", 1 0;
v0x5f9bae740c60_0 .net "idExRs1Addr", 4 0, v0x5f9bae745ab0_0;  alias, 1 drivers
v0x5f9bae740d40_0 .net "idExRs2Addr", 4 0, v0x5f9bae745de0_0;  alias, 1 drivers
v0x5f9bae740e20_0 .net "idRs1Addr", 4 0, L_0x5f9bae760c10;  alias, 1 drivers
v0x5f9bae740ee0_0 .net "idRs2Addr", 4 0, L_0x5f9bae760ce0;  alias, 1 drivers
v0x5f9bae740fb0_0 .net "memWbRdAddr", 4 0, v0x5f9bae747d10_0;  alias, 1 drivers
v0x5f9bae741070_0 .net "memWbRegWrite", 0 0, v0x5f9bae748090_0;  alias, 1 drivers
E_0x5f9bae727420/0 .event anyedge, v0x5f9bae73f840_0, v0x5f9bae73f1d0_0, v0x5f9bae73f6a0_0, v0x5f9bae73e890_0;
E_0x5f9bae727420/1 .event anyedge, v0x5f9bae741070_0, v0x5f9bae740fb0_0;
E_0x5f9bae727420 .event/or E_0x5f9bae727420/0, E_0x5f9bae727420/1;
E_0x5f9bae7404f0/0 .event anyedge, v0x5f9bae73f840_0, v0x5f9bae73f1d0_0, v0x5f9bae73f6a0_0, v0x5f9bae73e7b0_0;
E_0x5f9bae7404f0/1 .event anyedge, v0x5f9bae741070_0, v0x5f9bae740fb0_0;
E_0x5f9bae7404f0 .event/or E_0x5f9bae7404f0/0, E_0x5f9bae7404f0/1;
E_0x5f9bae740570/0 .event anyedge, v0x5f9bae73f840_0, v0x5f9bae73f6a0_0, v0x5f9bae740d40_0, v0x5f9bae741070_0;
E_0x5f9bae740570/1 .event anyedge, v0x5f9bae740fb0_0;
E_0x5f9bae740570 .event/or E_0x5f9bae740570/0, E_0x5f9bae740570/1;
E_0x5f9bae7405b0/0 .event anyedge, v0x5f9bae73f840_0, v0x5f9bae73f6a0_0, v0x5f9bae740c60_0, v0x5f9bae741070_0;
E_0x5f9bae7405b0/1 .event anyedge, v0x5f9bae740fb0_0;
E_0x5f9bae7405b0 .event/or E_0x5f9bae7405b0/0, E_0x5f9bae7405b0/1;
S_0x5f9bae7412d0 .scope module, "u_hazardUnit" "hazardUnit" 4 168, 10 3 0, S_0x5f9bae738850;
 .timescale -9 -12;
    .port_info 0 /INPUT 1 "idResolves";
    .port_info 1 /INPUT 5 "idRs1Addr";
    .port_info 2 /INPUT 5 "idRs2Addr";
    .port_info 3 /INPUT 1 "idExMemRead";
    .port_info 4 /INPUT 1 "idExRegWrite";
    .port_info 5 /INPUT 5 "idExRdAddr";
    .port_info 6 /INPUT 1 "exMemMemRead";
    .port_info 7 /INPUT 5 "exMemRdAddr";
    .port_info 8 /OUTPUT 1 "stall";
L_0x5f9bae762e10 .functor AND 1, v0x5f9bae744df0_0, L_0x5f9bae762ce0, C4<1>, C4<1>;
L_0x5f9bae763050 .functor OR 1, L_0x5f9bae762f10, L_0x5f9bae762fb0, C4<0>, C4<0>;
L_0x5f9bae763160 .functor AND 1, L_0x5f9bae762e10, L_0x5f9bae763050, C4<1>, C4<1>;
L_0x5f9bae763270 .functor AND 1, L_0x5f9bae6fdf90, v0x5f9bae7456e0_0, C4<1>, C4<1>;
L_0x5f9bae763410 .functor AND 1, L_0x5f9bae763270, L_0x5f9bae763370, C4<1>, C4<1>;
L_0x5f9bae7635c0 .functor AND 1, L_0x5f9bae763410, L_0x5f9bae7634d0, C4<1>, C4<1>;
L_0x5f9bae763960 .functor OR 1, L_0x5f9bae763710, L_0x5f9bae7638c0, C4<0>, C4<0>;
L_0x5f9bae763a70 .functor AND 1, L_0x5f9bae7635c0, L_0x5f9bae763960, C4<1>, C4<1>;
L_0x5f9bae763bd0 .functor AND 1, L_0x5f9bae6fdf90, v0x5f9bae73f1d0_0, C4<1>, C4<1>;
L_0x5f9bae763ed0 .functor AND 1, L_0x5f9bae763bd0, L_0x5f9bae763de0, C4<1>, C4<1>;
L_0x5f9bae764190 .functor OR 1, L_0x5f9bae763ff0, L_0x5f9bae764090, C4<0>, C4<0>;
L_0x5f9bae764200 .functor AND 1, L_0x5f9bae763ed0, L_0x5f9bae764190, C4<1>, C4<1>;
L_0x5f9bae764380 .functor OR 1, L_0x5f9bae763160, L_0x5f9bae763a70, C4<0>, C4<0>;
L_0x5f9bae764440 .functor OR 1, L_0x5f9bae764380, L_0x5f9bae764200, C4<0>, C4<0>;
L_0x71333dd28408 .functor BUFT 1, C4<00000>, C4<0>, C4<0>, C4<0>;
v0x5f9bae741590_0 .net/2u *"_ivl_0", 4 0, L_0x71333dd28408;  1 drivers
v0x5f9bae741690_0 .net *"_ivl_11", 0 0, L_0x5f9bae763050;  1 drivers
v0x5f9bae741750_0 .net *"_ivl_15", 0 0, L_0x5f9bae763270;  1 drivers
v0x5f9bae741820_0 .net *"_ivl_17", 0 0, L_0x5f9bae763370;  1 drivers
v0x5f9bae7418e0_0 .net *"_ivl_19", 0 0, L_0x5f9bae763410;  1 drivers
v0x5f9bae7419f0_0 .net *"_ivl_2", 0 0, L_0x5f9bae762ce0;  1 drivers
L_0x71333dd28450 .functor BUFT 1, C4<00000>, C4<0>, C4<0>, C4<0>;
v0x5f9bae741ab0_0 .net/2u *"_ivl_20", 4 0, L_0x71333dd28450;  1 drivers
v0x5f9bae741b90_0 .net *"_ivl_22", 0 0, L_0x5f9bae7634d0;  1 drivers
v0x5f9bae741c50_0 .net *"_ivl_25", 0 0, L_0x5f9bae7635c0;  1 drivers
v0x5f9bae741da0_0 .net *"_ivl_26", 0 0, L_0x5f9bae763710;  1 drivers
v0x5f9bae741e60_0 .net *"_ivl_28", 0 0, L_0x5f9bae7638c0;  1 drivers
v0x5f9bae741f20_0 .net *"_ivl_31", 0 0, L_0x5f9bae763960;  1 drivers
v0x5f9bae741fe0_0 .net *"_ivl_35", 0 0, L_0x5f9bae763bd0;  1 drivers
L_0x71333dd28498 .functor BUFT 1, C4<00000>, C4<0>, C4<0>, C4<0>;
v0x5f9bae7420a0_0 .net/2u *"_ivl_36", 4 0, L_0x71333dd28498;  1 drivers
v0x5f9bae742180_0 .net *"_ivl_38", 0 0, L_0x5f9bae763de0;  1 drivers
v0x5f9bae742240_0 .net *"_ivl_41", 0 0, L_0x5f9bae763ed0;  1 drivers
v0x5f9bae742300_0 .net *"_ivl_42", 0 0, L_0x5f9bae763ff0;  1 drivers
v0x5f9bae7424d0_0 .net *"_ivl_44", 0 0, L_0x5f9bae764090;  1 drivers
v0x5f9bae742590_0 .net *"_ivl_47", 0 0, L_0x5f9bae764190;  1 drivers
v0x5f9bae742650_0 .net *"_ivl_5", 0 0, L_0x5f9bae762e10;  1 drivers
v0x5f9bae742710_0 .net *"_ivl_51", 0 0, L_0x5f9bae764380;  1 drivers
v0x5f9bae7427d0_0 .net *"_ivl_6", 0 0, L_0x5f9bae762f10;  1 drivers
v0x5f9bae742890_0 .net *"_ivl_8", 0 0, L_0x5f9bae762fb0;  1 drivers
v0x5f9bae742950_0 .net "exMemMemRead", 0 0, v0x5f9bae73f1d0_0;  alias, 1 drivers
v0x5f9bae7429f0_0 .net "exMemRdAddr", 4 0, v0x5f9bae73f6a0_0;  alias, 1 drivers
v0x5f9bae742b00_0 .net "idExMemRead", 0 0, v0x5f9bae744df0_0;  alias, 1 drivers
v0x5f9bae742ba0_0 .net "idExRdAddr", 4 0, v0x5f9bae745550_0;  alias, 1 drivers
v0x5f9bae742c40_0 .net "idExRegWrite", 0 0, v0x5f9bae7456e0_0;  alias, 1 drivers
v0x5f9bae742ce0_0 .net "idResolves", 0 0, L_0x5f9bae6fdf90;  alias, 1 drivers
v0x5f9bae742d80_0 .net "idRs1Addr", 4 0, L_0x5f9bae760c10;  alias, 1 drivers
v0x5f9bae742e70_0 .net "idRs2Addr", 4 0, L_0x5f9bae760ce0;  alias, 1 drivers
v0x5f9bae742f80_0 .net "rule1_loadUseEX", 0 0, L_0x5f9bae763160;  1 drivers
v0x5f9bae743040_0 .net "rule2_aluAdjacentID", 0 0, L_0x5f9bae763a70;  1 drivers
v0x5f9bae743100_0 .net "rule3_loadTwoAwayID", 0 0, L_0x5f9bae764200;  1 drivers
v0x5f9bae7431c0_0 .net "stall", 0 0, L_0x5f9bae764440;  alias, 1 drivers
L_0x5f9bae762ce0 .cmp/ne 5, v0x5f9bae745550_0, L_0x71333dd28408;
L_0x5f9bae762f10 .cmp/eq 5, v0x5f9bae745550_0, L_0x5f9bae760c10;
L_0x5f9bae762fb0 .cmp/eq 5, v0x5f9bae745550_0, L_0x5f9bae760ce0;
L_0x5f9bae763370 .reduce/nor v0x5f9bae744df0_0;
L_0x5f9bae7634d0 .cmp/ne 5, v0x5f9bae745550_0, L_0x71333dd28450;
L_0x5f9bae763710 .cmp/eq 5, v0x5f9bae745550_0, L_0x5f9bae760c10;
L_0x5f9bae7638c0 .cmp/eq 5, v0x5f9bae745550_0, L_0x5f9bae760ce0;
L_0x5f9bae763de0 .cmp/ne 5, v0x5f9bae73f6a0_0, L_0x71333dd28498;
L_0x5f9bae763ff0 .cmp/eq 5, v0x5f9bae73f6a0_0, L_0x5f9bae760c10;
L_0x5f9bae764090 .cmp/eq 5, v0x5f9bae73f6a0_0, L_0x5f9bae760ce0;
S_0x5f9bae7433f0 .scope module, "u_iMem" "iMem" 4 30, 11 1 0, S_0x5f9bae738850;
 .timescale -9 -12;
    .port_info 0 /INPUT 32 "addr";
    .port_info 1 /OUTPUT 32 "instr";
P_0x5f9bae743580 .param/l "DEPTH" 0 11 2, +C4<00000000000000000000010000000000>;
P_0x5f9bae7435c0 .param/str "MEM_FILE" 0 11 3, "\000";
P_0x5f9bae743600 .param/l "NOP" 1 11 19, C4<00000000000000000000000000010011>;
L_0x5f9bae5f3bb0 .functor BUFZ 32, L_0x5f9bae760810, C4<00000000000000000000000000000000>, C4<00000000000000000000000000000000>, C4<00000000000000000000000000000000>;
v0x5f9bae743840_0 .net *"_ivl_1", 29 0, L_0x5f9bae7605d0;  1 drivers
L_0x71333dd28060 .functor BUFT 1, C4<00>, C4<0>, C4<0>, C4<0>;
v0x5f9bae743940_0 .net *"_ivl_5", 1 0, L_0x71333dd28060;  1 drivers
v0x5f9bae743a20_0 .net *"_ivl_6", 31 0, L_0x5f9bae760810;  1 drivers
v0x5f9bae743b10_0 .net "addr", 31 0, v0x5f9bae74dbc0_0;  1 drivers
v0x5f9bae743bf0_0 .var/i "i", 31 0;
v0x5f9bae743d20_0 .net "instr", 31 0, L_0x5f9bae5f3bb0;  alias, 1 drivers
v0x5f9bae743e00 .array "mem", 1023 0, 31 0;
v0x5f9bae743ec0_0 .net "word_index", 31 0, L_0x5f9bae760700;  1 drivers
E_0x5f9bae7437c0 .event anyedge, v0x5f9bae743b10_0, v0x5f9bae743b10_0, v0x5f9bae743ec0_0;
L_0x5f9bae7605d0 .part v0x5f9bae74dbc0_0, 2, 30;
L_0x5f9bae760700 .concat [ 30 2 0 0], L_0x5f9bae7605d0, L_0x71333dd28060;
L_0x5f9bae760810 .array/port v0x5f9bae743e00, L_0x5f9bae760700;
S_0x5f9bae744000 .scope module, "u_idexReg" "idexReg" 4 193, 12 3 0, S_0x5f9bae738850;
 .timescale -9 -12;
    .port_info 0 /INPUT 1 "clk";
    .port_info 1 /INPUT 1 "reset";
    .port_info 2 /INPUT 1 "flush";
    .port_info 3 /INPUT 32 "pcIn";
    .port_info 4 /INPUT 32 "pcPlus4In";
    .port_info 5 /INPUT 32 "rs1DataIn";
    .port_info 6 /INPUT 32 "rs2DataIn";
    .port_info 7 /INPUT 5 "rs1AddrIn";
    .port_info 8 /INPUT 5 "rs2AddrIn";
    .port_info 9 /INPUT 5 "rdAddrIn";
    .port_info 10 /INPUT 32 "immExtIn";
    .port_info 11 /INPUT 3 "funct3In";
    .port_info 12 /INPUT 1 "regWriteIn";
    .port_info 13 /INPUT 1 "aluSrcIn";
    .port_info 14 /INPUT 1 "opASelIn";
    .port_info 15 /INPUT 1 "memReadIn";
    .port_info 16 /INPUT 1 "memWriteIn";
    .port_info 17 /INPUT 2 "resultSrcIn";
    .port_info 18 /INPUT 4 "aluCtrlIn";
    .port_info 19 /OUTPUT 32 "pcOut";
    .port_info 20 /OUTPUT 32 "pcPlus4Out";
    .port_info 21 /OUTPUT 32 "rs1DataOut";
    .port_info 22 /OUTPUT 32 "rs2DataOut";
    .port_info 23 /OUTPUT 5 "rs1AddrOut";
    .port_info 24 /OUTPUT 5 "rs2AddrOut";
    .port_info 25 /OUTPUT 5 "rdAddrOut";
    .port_info 26 /OUTPUT 32 "immExtOut";
    .port_info 27 /OUTPUT 3 "funct3Out";
    .port_info 28 /OUTPUT 1 "regWriteOut";
    .port_info 29 /OUTPUT 1 "aluSrcOut";
    .port_info 30 /OUTPUT 1 "opASelOut";
    .port_info 31 /OUTPUT 1 "memReadOut";
    .port_info 32 /OUTPUT 1 "memWriteOut";
    .port_info 33 /OUTPUT 2 "resultSrcOut";
    .port_info 34 /OUTPUT 4 "aluCtrlOut";
v0x5f9bae744530_0 .net "aluCtrlIn", 3 0, v0x5f9bae73d7c0_0;  alias, 1 drivers
v0x5f9bae7445f0_0 .var "aluCtrlOut", 3 0;
v0x5f9bae7446c0_0 .net "aluSrcIn", 0 0, v0x5f9bae73d9a0_0;  alias, 1 drivers
v0x5f9bae7447c0_0 .var "aluSrcOut", 0 0;
v0x5f9bae744860_0 .net "clk", 0 0, v0x5f9bae74ff50_0;  alias, 1 drivers
v0x5f9bae7449a0_0 .net "flush", 0 0, L_0x5f9bae764440;  alias, 1 drivers
v0x5f9bae744a40_0 .net "funct3In", 2 0, L_0x5f9bae760b70;  alias, 1 drivers
v0x5f9bae744ae0_0 .var "funct3Out", 2 0;
v0x5f9bae744bb0_0 .net "immExtIn", 31 0, v0x5f9bae73dd10_0;  alias, 1 drivers
v0x5f9bae744c80_0 .var "immExtOut", 31 0;
v0x5f9bae744d20_0 .net "memReadIn", 0 0, v0x5f9bae73e100_0;  alias, 1 drivers
v0x5f9bae744df0_0 .var "memReadOut", 0 0;
v0x5f9bae744e90_0 .net "memWriteIn", 0 0, v0x5f9bae73e1c0_0;  alias, 1 drivers
v0x5f9bae744f30_0 .var "memWriteOut", 0 0;
v0x5f9bae745000_0 .net "opASelIn", 0 0, v0x5f9bae73e280_0;  alias, 1 drivers
v0x5f9bae7450d0_0 .var "opASelOut", 0 0;
v0x5f9bae745170_0 .net "pcIn", 31 0, v0x5f9bae746f10_0;  alias, 1 drivers
v0x5f9bae745210_0 .var "pcOut", 31 0;
v0x5f9bae7452b0_0 .net "pcPlus4In", 31 0, v0x5f9bae7470a0_0;  alias, 1 drivers
v0x5f9bae745390_0 .var "pcPlus4Out", 31 0;
v0x5f9bae745480_0 .net "rdAddrIn", 4 0, L_0x5f9bae760a40;  alias, 1 drivers
v0x5f9bae745550_0 .var "rdAddrOut", 4 0;
v0x5f9bae745640_0 .net "regWriteIn", 0 0, v0x5f9bae73e500_0;  alias, 1 drivers
v0x5f9bae7456e0_0 .var "regWriteOut", 0 0;
v0x5f9bae7457d0_0 .net "reset", 0 0, v0x5f9bae750290_0;  alias, 1 drivers
v0x5f9bae745870_0 .net "resultSrcIn", 1 0, v0x5f9bae73e5c0_0;  alias, 1 drivers
v0x5f9bae745940_0 .var "resultSrcOut", 1 0;
v0x5f9bae745a10_0 .net "rs1AddrIn", 4 0, L_0x5f9bae760c10;  alias, 1 drivers
v0x5f9bae745ab0_0 .var "rs1AddrOut", 4 0;
v0x5f9bae745b80_0 .net "rs1DataIn", 31 0, L_0x5f9bae761de0;  alias, 1 drivers
v0x5f9bae745c40_0 .var "rs1DataOut", 31 0;
v0x5f9bae745d20_0 .net "rs2AddrIn", 4 0, L_0x5f9bae760ce0;  alias, 1 drivers
v0x5f9bae745de0_0 .var "rs2AddrOut", 4 0;
v0x5f9bae7460e0_0 .net "rs2DataIn", 31 0, L_0x5f9bae762290;  alias, 1 drivers
v0x5f9bae7461a0_0 .var "rs2DataOut", 31 0;
S_0x5f9bae7466e0 .scope module, "u_ifidReg" "ifidReg" 4 41, 13 3 0, S_0x5f9bae738850;
 .timescale -9 -12;
    .port_info 0 /INPUT 1 "clk";
    .port_info 1 /INPUT 1 "reset";
    .port_info 2 /INPUT 1 "stall";
    .port_info 3 /INPUT 1 "flush";
    .port_info 4 /INPUT 32 "pcIn";
    .port_info 5 /INPUT 32 "pcPlus4In";
    .port_info 6 /INPUT 32 "instrIn";
    .port_info 7 /OUTPUT 32 "pcOut";
    .port_info 8 /OUTPUT 32 "pcPlus4Out";
    .port_info 9 /OUTPUT 32 "instrOut";
P_0x5f9bae740300 .param/l "NOP" 1 13 18, C4<00000000000000000000000000010011>;
v0x5f9bae746ad0_0 .net "clk", 0 0, v0x5f9bae74ff50_0;  alias, 1 drivers
v0x5f9bae746b90_0 .net "flush", 0 0, L_0x5f9bae6649f0;  alias, 1 drivers
v0x5f9bae746c50_0 .net "instrIn", 31 0, L_0x5f9bae5f3bb0;  alias, 1 drivers
v0x5f9bae746d50_0 .var "instrOut", 31 0;
v0x5f9bae746e20_0 .net "pcIn", 31 0, v0x5f9bae74dbc0_0;  alias, 1 drivers
v0x5f9bae746f10_0 .var "pcOut", 31 0;
v0x5f9bae746fe0_0 .net "pcPlus4In", 31 0, L_0x5f9bae760470;  alias, 1 drivers
v0x5f9bae7470a0_0 .var "pcPlus4Out", 31 0;
v0x5f9bae747190_0 .net "reset", 0 0, v0x5f9bae750290_0;  alias, 1 drivers
v0x5f9bae747230_0 .net "stall", 0 0, L_0x5f9bae764580;  alias, 1 drivers
S_0x5f9bae747470 .scope module, "u_memwbReg" "memwbReg" 4 338, 14 3 0, S_0x5f9bae738850;
 .timescale -9 -12;
    .port_info 0 /INPUT 1 "clk";
    .port_info 1 /INPUT 1 "reset";
    .port_info 2 /INPUT 32 "aluResultIn";
    .port_info 3 /INPUT 32 "readDataIn";
    .port_info 4 /INPUT 32 "pcPlus4In";
    .port_info 5 /INPUT 5 "rdAddrIn";
    .port_info 6 /INPUT 1 "regWriteIn";
    .port_info 7 /INPUT 2 "resultSrcIn";
    .port_info 8 /OUTPUT 32 "aluResultOut";
    .port_info 9 /OUTPUT 32 "readDataOut";
    .port_info 10 /OUTPUT 32 "pcPlus4Out";
    .port_info 11 /OUTPUT 5 "rdAddrOut";
    .port_info 12 /OUTPUT 1 "regWriteOut";
    .port_info 13 /OUTPUT 2 "resultSrcOut";
v0x5f9bae7477b0_0 .net "aluResultIn", 31 0, v0x5f9bae73ee00_0;  alias, 1 drivers
v0x5f9bae7478e0_0 .var "aluResultOut", 31 0;
v0x5f9bae7479c0_0 .net "clk", 0 0, v0x5f9bae74ff50_0;  alias, 1 drivers
v0x5f9bae747af0_0 .net "pcPlus4In", 31 0, v0x5f9bae73f4e0_0;  alias, 1 drivers
v0x5f9bae747b90_0 .var "pcPlus4Out", 31 0;
v0x5f9bae747c50_0 .net "rdAddrIn", 4 0, v0x5f9bae73f6a0_0;  alias, 1 drivers
v0x5f9bae747d10_0 .var "rdAddrOut", 4 0;
v0x5f9bae747dd0_0 .net "readDataIn", 31 0, v0x5f9bae73b730_0;  alias, 1 drivers
v0x5f9bae747ea0_0 .var "readDataOut", 31 0;
v0x5f9bae747ff0_0 .net "regWriteIn", 0 0, v0x5f9bae73f840_0;  alias, 1 drivers
v0x5f9bae748090_0 .var "regWriteOut", 0 0;
v0x5f9bae748130_0 .net "reset", 0 0, v0x5f9bae750290_0;  alias, 1 drivers
v0x5f9bae7481d0_0 .net "resultSrcIn", 1 0, v0x5f9bae73fbb0_0;  alias, 1 drivers
v0x5f9bae7482a0_0 .var "resultSrcOut", 1 0;
S_0x5f9bae7485a0 .scope module, "u_register" "register" 4 97, 15 1 0, S_0x5f9bae738850;
 .timescale -9 -12;
    .port_info 0 /INPUT 1 "clk";
    .port_info 1 /INPUT 1 "we";
    .port_info 2 /INPUT 5 "rd_addr";
    .port_info 3 /INPUT 32 "rd_data";
    .port_info 4 /INPUT 5 "rs1_addr";
    .port_info 5 /OUTPUT 32 "rs1_data";
    .port_info 6 /INPUT 5 "rs2_addr";
    .port_info 7 /OUTPUT 32 "rs2_data";
L_0x71333dd280a8 .functor BUFT 1, C4<00000>, C4<0>, C4<0>, C4<0>;
v0x5f9bae7488a0_0 .net/2u *"_ivl_0", 4 0, L_0x71333dd280a8;  1 drivers
L_0x71333dd28138 .functor BUFT 1, C4<00>, C4<0>, C4<0>, C4<0>;
v0x5f9bae7489a0_0 .net *"_ivl_11", 1 0, L_0x71333dd28138;  1 drivers
L_0x71333dd28180 .functor BUFT 1, C4<00000>, C4<0>, C4<0>, C4<0>;
v0x5f9bae748a80_0 .net/2u *"_ivl_14", 4 0, L_0x71333dd28180;  1 drivers
v0x5f9bae748b70_0 .net *"_ivl_16", 0 0, L_0x5f9bae761470;  1 drivers
L_0x71333dd281c8 .functor BUFT 1, C4<00000000000000000000000000000000>, C4<0>, C4<0>, C4<0>;
v0x5f9bae748c30_0 .net/2u *"_ivl_18", 31 0, L_0x71333dd281c8;  1 drivers
v0x5f9bae748d60_0 .net *"_ivl_2", 0 0, L_0x5f9bae760e60;  1 drivers
v0x5f9bae748e20_0 .net *"_ivl_20", 31 0, L_0x5f9bae761560;  1 drivers
v0x5f9bae748f00_0 .net *"_ivl_22", 6 0, L_0x5f9bae761640;  1 drivers
L_0x71333dd28210 .functor BUFT 1, C4<00>, C4<0>, C4<0>, C4<0>;
v0x5f9bae748fe0_0 .net *"_ivl_25", 1 0, L_0x71333dd28210;  1 drivers
L_0x71333dd280f0 .functor BUFT 1, C4<00000000000000000000000000000000>, C4<0>, C4<0>, C4<0>;
v0x5f9bae749150_0 .net/2u *"_ivl_4", 31 0, L_0x71333dd280f0;  1 drivers
v0x5f9bae749230_0 .net *"_ivl_6", 31 0, L_0x5f9bae760f50;  1 drivers
v0x5f9bae749310_0 .net *"_ivl_8", 6 0, L_0x5f9bae760ff0;  1 drivers
v0x5f9bae7493f0_0 .net "clk", 0 0, v0x5f9bae74ff50_0;  alias, 1 drivers
v0x5f9bae749490_0 .net "rd_addr", 4 0, v0x5f9bae747d10_0;  alias, 1 drivers
v0x5f9bae749550_0 .net "rd_data", 31 0, v0x5f9bae74eec0_0;  1 drivers
v0x5f9bae749630 .array "reg_file", 0 31, 31 0;
v0x5f9bae7496f0_0 .net "rs1_addr", 4 0, L_0x5f9bae760c10;  alias, 1 drivers
v0x5f9bae7497b0_0 .net "rs1_data", 31 0, L_0x5f9bae761290;  alias, 1 drivers
v0x5f9bae749890_0 .net "rs2_addr", 4 0, L_0x5f9bae760ce0;  alias, 1 drivers
v0x5f9bae7499e0_0 .net "rs2_data", 31 0, L_0x5f9bae761890;  alias, 1 drivers
v0x5f9bae749ac0_0 .net "we", 0 0, v0x5f9bae748090_0;  alias, 1 drivers
L_0x5f9bae760e60 .cmp/eq 5, L_0x5f9bae760c10, L_0x71333dd280a8;
L_0x5f9bae760f50 .array/port v0x5f9bae749630, L_0x5f9bae760ff0;
L_0x5f9bae760ff0 .concat [ 5 2 0 0], L_0x5f9bae760c10, L_0x71333dd28138;
L_0x5f9bae761290 .functor MUXZ 32, L_0x5f9bae760f50, L_0x71333dd280f0, L_0x5f9bae760e60, C4<>;
L_0x5f9bae761470 .cmp/eq 5, L_0x5f9bae760ce0, L_0x71333dd28180;
L_0x5f9bae761560 .array/port v0x5f9bae749630, L_0x5f9bae761640;
L_0x5f9bae761640 .concat [ 5 2 0 0], L_0x5f9bae760ce0, L_0x71333dd28210;
L_0x5f9bae761890 .functor MUXZ 32, L_0x5f9bae761560, L_0x71333dd281c8, L_0x5f9bae761470, C4<>;
S_0x5f9bae74fc90 .scope autotask, "run_reset" "run_reset" 3 74, 3 74 0, S_0x5f9bae6c01d0;
 .timescale -9 -12;
v0x5f9bae74fe70_0 .var/2s "settle_cycles", 31 0;
TD_cpuTopPipelined_tb.run_reset ;
    %pushi/vec4 1, 0, 1;
    %store/vec4 v0x5f9bae750290_0, 0, 1;
    %wait E_0x5f9bae66b390;
    %wait E_0x5f9bae66b390;
    %pushi/vec4 0, 0, 1;
    %store/vec4 v0x5f9bae750290_0, 0, 1;
    %load/vec4 v0x5f9bae74fe70_0;
T_4.10 %dup/vec4;
    %pushi/vec4 0, 0, 32;
    %cmp/s;
    %jmp/1xz T_4.11, 5;
    %jmp/1 T_4.11, 4;
    %pushi/vec4 1, 0, 32;
    %sub;
    %wait E_0x5f9bae66b390;
    %jmp T_4.10;
T_4.11 ;
    %pop/vec4 1;
    %end;
    .scope S_0x5f9bae7433f0;
T_5 ;
    %pushi/vec4 0, 0, 32;
    %store/vec4 v0x5f9bae743bf0_0, 0, 32;
T_5.0 ;
    %load/vec4 v0x5f9bae743bf0_0;
    %cmpi/s 1024, 0, 32;
    %jmp/0xz T_5.1, 5;
    %pushi/vec4 19, 0, 32;
    %ix/getv/s 4, v0x5f9bae743bf0_0;
    %store/vec4a v0x5f9bae743e00, 4, 0;
    ; show_stmt_assign_vector: Get l-value for compressed += operand
    %load/vec4 v0x5f9bae743bf0_0;
    %pushi/vec4 1, 0, 32;
    %add;
    %store/vec4 v0x5f9bae743bf0_0, 0, 32;
    %jmp T_5.0;
T_5.1 ;
    %end;
    .thread T_5;
    .scope S_0x5f9bae7433f0;
T_6 ;
Ewait_0 .event/or E_0x5f9bae7437c0, E_0x0;
    %wait Ewait_0;
    %load/vec4 v0x5f9bae743b10_0;
    %parti/s 2, 0, 2;
    %cmpi/ne 0, 0, 2;
    %jmp/0xz  T_6.0, 4;
    %vpi_call/w 11 36 "$error", "iMem: misaligned fetch address 0x%08h (addr[1:0] = %02b)", v0x5f9bae743b10_0, &PV<v0x5f9bae743b10_0, 0, 2> {0 0 0};
T_6.0 ;
    %load/vec4 v0x5f9bae743ec0_0;
    %cmpi/u 1024, 0, 32;
    %flag_inv 5; GE is !LT
    %jmp/0xz  T_6.2, 5;
    %vpi_call/w 11 42 "$error", "iMem: address 0x%08h (word index %0d) out of range, DEPTH = %0d", v0x5f9bae743b10_0, v0x5f9bae743ec0_0, P_0x5f9bae743580 {0 0 0};
T_6.2 ;
    %jmp T_6;
    .thread T_6, $push;
    .scope S_0x5f9bae7466e0;
T_7 ;
    %wait E_0x5f9bae66b390;
    %load/vec4 v0x5f9bae747190_0;
    %flag_set/vec4 8;
    %jmp/0xz  T_7.0, 8;
    %pushi/vec4 0, 0, 32;
    %assign/vec4 v0x5f9bae746f10_0, 0;
    %pushi/vec4 0, 0, 32;
    %assign/vec4 v0x5f9bae7470a0_0, 0;
    %pushi/vec4 19, 0, 32;
    %assign/vec4 v0x5f9bae746d50_0, 0;
    %jmp T_7.1;
T_7.0 ;
    %load/vec4 v0x5f9bae747230_0;
    %flag_set/vec4 8;
    %jmp/0xz  T_7.2, 8;
    %jmp T_7.3;
T_7.2 ;
    %load/vec4 v0x5f9bae746b90_0;
    %flag_set/vec4 8;
    %jmp/0xz  T_7.4, 8;
    %pushi/vec4 0, 0, 32;
    %assign/vec4 v0x5f9bae746f10_0, 0;
    %pushi/vec4 0, 0, 32;
    %assign/vec4 v0x5f9bae7470a0_0, 0;
    %pushi/vec4 19, 0, 32;
    %assign/vec4 v0x5f9bae746d50_0, 0;
    %jmp T_7.5;
T_7.4 ;
    %load/vec4 v0x5f9bae746e20_0;
    %assign/vec4 v0x5f9bae746f10_0, 0;
    %load/vec4 v0x5f9bae746fe0_0;
    %assign/vec4 v0x5f9bae7470a0_0, 0;
    %load/vec4 v0x5f9bae746c50_0;
    %assign/vec4 v0x5f9bae746d50_0, 0;
T_7.5 ;
T_7.3 ;
T_7.1 ;
    %jmp T_7;
    .thread T_7;
    .scope S_0x5f9bae73bc50;
T_8 ;
Ewait_1 .event/or E_0x5f9bae5ecd90, E_0x0;
    %wait Ewait_1;
    %pushi/vec4 0, 0, 1;
    %store/vec4 v0x5f9bae73e500_0, 0, 1;
    %pushi/vec4 0, 0, 3;
    %store/vec4 v0x5f9bae73ddf0_0, 0, 3;
    %pushi/vec4 0, 0, 1;
    %store/vec4 v0x5f9bae73d9a0_0, 0, 1;
    %pushi/vec4 0, 0, 1;
    %store/vec4 v0x5f9bae73e280_0, 0, 1;
    %pushi/vec4 0, 0, 1;
    %store/vec4 v0x5f9bae73e100_0, 0, 1;
    %pushi/vec4 0, 0, 1;
    %store/vec4 v0x5f9bae73e1c0_0, 0, 1;
    %pushi/vec4 0, 0, 2;
    %store/vec4 v0x5f9bae73e5c0_0, 0, 2;
    %pushi/vec4 0, 0, 1;
    %store/vec4 v0x5f9bae73da40_0, 0, 1;
    %pushi/vec4 0, 0, 1;
    %store/vec4 v0x5f9bae73e040_0, 0, 1;
    %pushi/vec4 0, 0, 3;
    %store/vec4 v0x5f9bae73d8c0_0, 0, 3;
    %load/vec4 v0x5f9bae73e340_0;
    %dup/vec4;
    %pushi/vec4 3, 0, 7;
    %cmp/u;
    %jmp/1 T_8.0, 6;
    %dup/vec4;
    %pushi/vec4 35, 0, 7;
    %cmp/u;
    %jmp/1 T_8.1, 6;
    %dup/vec4;
    %pushi/vec4 51, 0, 7;
    %cmp/u;
    %jmp/1 T_8.2, 6;
    %dup/vec4;
    %pushi/vec4 19, 0, 7;
    %cmp/u;
    %jmp/1 T_8.3, 6;
    %dup/vec4;
    %pushi/vec4 99, 0, 7;
    %cmp/u;
    %jmp/1 T_8.4, 6;
    %dup/vec4;
    %pushi/vec4 111, 0, 7;
    %cmp/u;
    %jmp/1 T_8.5, 6;
    %dup/vec4;
    %pushi/vec4 103, 0, 7;
    %cmp/u;
    %jmp/1 T_8.6, 6;
    %dup/vec4;
    %pushi/vec4 55, 0, 7;
    %cmp/u;
    %jmp/1 T_8.7, 6;
    %dup/vec4;
    %pushi/vec4 23, 0, 7;
    %cmp/u;
    %jmp/1 T_8.8, 6;
    %jmp T_8.10;
T_8.0 ;
    %pushi/vec4 1, 0, 1;
    %store/vec4 v0x5f9bae73e500_0, 0, 1;
    %pushi/vec4 0, 0, 3;
    %store/vec4 v0x5f9bae73ddf0_0, 0, 3;
    %pushi/vec4 1, 0, 1;
    %store/vec4 v0x5f9bae73d9a0_0, 0, 1;
    %pushi/vec4 1, 0, 1;
    %store/vec4 v0x5f9bae73e100_0, 0, 1;
    %pushi/vec4 1, 0, 2;
    %store/vec4 v0x5f9bae73e5c0_0, 0, 2;
    %pushi/vec4 0, 0, 3;
    %store/vec4 v0x5f9bae73d8c0_0, 0, 3;
    %jmp T_8.10;
T_8.1 ;
    %pushi/vec4 1, 0, 3;
    %store/vec4 v0x5f9bae73ddf0_0, 0, 3;
    %pushi/vec4 1, 0, 1;
    %store/vec4 v0x5f9bae73d9a0_0, 0, 1;
    %pushi/vec4 1, 0, 1;
    %store/vec4 v0x5f9bae73e1c0_0, 0, 1;
    %pushi/vec4 0, 0, 3;
    %store/vec4 v0x5f9bae73d8c0_0, 0, 3;
    %jmp T_8.10;
T_8.2 ;
    %pushi/vec4 1, 0, 1;
    %store/vec4 v0x5f9bae73e500_0, 0, 1;
    %pushi/vec4 2, 0, 3;
    %store/vec4 v0x5f9bae73d8c0_0, 0, 3;
    %jmp T_8.10;
T_8.3 ;
    %pushi/vec4 1, 0, 1;
    %store/vec4 v0x5f9bae73e500_0, 0, 1;
    %pushi/vec4 0, 0, 3;
    %store/vec4 v0x5f9bae73ddf0_0, 0, 3;
    %pushi/vec4 1, 0, 1;
    %store/vec4 v0x5f9bae73d9a0_0, 0, 1;
    %pushi/vec4 2, 0, 3;
    %store/vec4 v0x5f9bae73d8c0_0, 0, 3;
    %jmp T_8.10;
T_8.4 ;
    %pushi/vec4 2, 0, 3;
    %store/vec4 v0x5f9bae73ddf0_0, 0, 3;
    %pushi/vec4 1, 0, 1;
    %store/vec4 v0x5f9bae73da40_0, 0, 1;
    %pushi/vec4 1, 0, 3;
    %store/vec4 v0x5f9bae73d8c0_0, 0, 3;
    %jmp T_8.10;
T_8.5 ;
    %pushi/vec4 1, 0, 1;
    %store/vec4 v0x5f9bae73e500_0, 0, 1;
    %pushi/vec4 4, 0, 3;
    %store/vec4 v0x5f9bae73ddf0_0, 0, 3;
    %pushi/vec4 1, 0, 1;
    %store/vec4 v0x5f9bae73e040_0, 0, 1;
    %pushi/vec4 2, 0, 2;
    %store/vec4 v0x5f9bae73e5c0_0, 0, 2;
    %jmp T_8.10;
T_8.6 ;
    %pushi/vec4 1, 0, 1;
    %store/vec4 v0x5f9bae73e500_0, 0, 1;
    %pushi/vec4 0, 0, 3;
    %store/vec4 v0x5f9bae73ddf0_0, 0, 3;
    %pushi/vec4 1, 0, 1;
    %store/vec4 v0x5f9bae73d9a0_0, 0, 1;
    %pushi/vec4 1, 0, 1;
    %store/vec4 v0x5f9bae73e040_0, 0, 1;
    %pushi/vec4 2, 0, 2;
    %store/vec4 v0x5f9bae73e5c0_0, 0, 2;
    %pushi/vec4 0, 0, 3;
    %store/vec4 v0x5f9bae73d8c0_0, 0, 3;
    %jmp T_8.10;
T_8.7 ;
    %pushi/vec4 1, 0, 1;
    %store/vec4 v0x5f9bae73e500_0, 0, 1;
    %pushi/vec4 3, 0, 3;
    %store/vec4 v0x5f9bae73ddf0_0, 0, 3;
    %pushi/vec4 1, 0, 1;
    %store/vec4 v0x5f9bae73d9a0_0, 0, 1;
    %pushi/vec4 0, 0, 2;
    %store/vec4 v0x5f9bae73e5c0_0, 0, 2;
    %pushi/vec4 3, 0, 3;
    %store/vec4 v0x5f9bae73d8c0_0, 0, 3;
    %jmp T_8.10;
T_8.8 ;
    %pushi/vec4 1, 0, 1;
    %store/vec4 v0x5f9bae73e500_0, 0, 1;
    %pushi/vec4 3, 0, 3;
    %store/vec4 v0x5f9bae73ddf0_0, 0, 3;
    %pushi/vec4 1, 0, 1;
    %store/vec4 v0x5f9bae73d9a0_0, 0, 1;
    %pushi/vec4 1, 0, 1;
    %store/vec4 v0x5f9bae73e280_0, 0, 1;
    %pushi/vec4 4, 0, 3;
    %store/vec4 v0x5f9bae73d8c0_0, 0, 3;
    %jmp T_8.10;
T_8.10 ;
    %pop/vec4 1;
    %jmp T_8;
    .thread T_8, $push;
    .scope S_0x5f9bae73bc50;
T_9 ;
Ewait_2 .event/or E_0x5f9bae66adf0, E_0x0;
    %wait Ewait_2;
    %load/vec4 v0x5f9bae73ddf0_0;
    %dup/vec4;
    %pushi/vec4 0, 0, 3;
    %cmp/u;
    %jmp/1 T_9.0, 6;
    %dup/vec4;
    %pushi/vec4 1, 0, 3;
    %cmp/u;
    %jmp/1 T_9.1, 6;
    %dup/vec4;
    %pushi/vec4 2, 0, 3;
    %cmp/u;
    %jmp/1 T_9.2, 6;
    %dup/vec4;
    %pushi/vec4 3, 0, 3;
    %cmp/u;
    %jmp/1 T_9.3, 6;
    %dup/vec4;
    %pushi/vec4 4, 0, 3;
    %cmp/u;
    %jmp/1 T_9.4, 6;
    %pushi/vec4 0, 0, 32;
    %store/vec4 v0x5f9bae73dd10_0, 0, 32;
    %jmp T_9.6;
T_9.0 ;
    %load/vec4 v0x5f9bae73ded0_0;
    %parti/s 1, 31, 6;
    %replicate 20;
    %load/vec4 v0x5f9bae73ded0_0;
    %parti/s 12, 20, 6;
    %concat/vec4; draw_concat_vec4
    %store/vec4 v0x5f9bae73dd10_0, 0, 32;
    %jmp T_9.6;
T_9.1 ;
    %load/vec4 v0x5f9bae73ded0_0;
    %parti/s 1, 31, 6;
    %replicate 20;
    %load/vec4 v0x5f9bae73ded0_0;
    %parti/s 7, 25, 6;
    %concat/vec4; draw_concat_vec4
    %load/vec4 v0x5f9bae73ded0_0;
    %parti/s 5, 7, 4;
    %concat/vec4; draw_concat_vec4
    %store/vec4 v0x5f9bae73dd10_0, 0, 32;
    %jmp T_9.6;
T_9.2 ;
    %load/vec4 v0x5f9bae73ded0_0;
    %parti/s 1, 31, 6;
    %replicate 19;
    %load/vec4 v0x5f9bae73ded0_0;
    %parti/s 1, 31, 6;
    %concat/vec4; draw_concat_vec4
    %load/vec4 v0x5f9bae73ded0_0;
    %parti/s 1, 7, 4;
    %concat/vec4; draw_concat_vec4
    %load/vec4 v0x5f9bae73ded0_0;
    %parti/s 6, 25, 6;
    %concat/vec4; draw_concat_vec4
    %load/vec4 v0x5f9bae73ded0_0;
    %parti/s 4, 8, 5;
    %concat/vec4; draw_concat_vec4
    %concati/vec4 0, 0, 1;
    %store/vec4 v0x5f9bae73dd10_0, 0, 32;
    %jmp T_9.6;
T_9.3 ;
    %load/vec4 v0x5f9bae73ded0_0;
    %parti/s 20, 12, 5;
    %concati/vec4 0, 0, 12;
    %store/vec4 v0x5f9bae73dd10_0, 0, 32;
    %jmp T_9.6;
T_9.4 ;
    %load/vec4 v0x5f9bae73ded0_0;
    %parti/s 1, 31, 6;
    %replicate 11;
    %load/vec4 v0x5f9bae73ded0_0;
    %parti/s 1, 31, 6;
    %concat/vec4; draw_concat_vec4
    %load/vec4 v0x5f9bae73ded0_0;
    %parti/s 8, 12, 5;
    %concat/vec4; draw_concat_vec4
    %load/vec4 v0x5f9bae73ded0_0;
    %parti/s 1, 20, 6;
    %concat/vec4; draw_concat_vec4
    %load/vec4 v0x5f9bae73ded0_0;
    %parti/s 10, 21, 6;
    %concat/vec4; draw_concat_vec4
    %concati/vec4 0, 0, 1;
    %store/vec4 v0x5f9bae73dd10_0, 0, 32;
    %jmp T_9.6;
T_9.6 ;
    %pop/vec4 1;
    %jmp T_9;
    .thread T_9, $push;
    .scope S_0x5f9bae73bc50;
T_10 ;
Ewait_3 .event/or E_0x5f9bae66bd90, E_0x0;
    %wait Ewait_3;
    %load/vec4 v0x5f9bae73d8c0_0;
    %dup/vec4;
    %pushi/vec4 0, 0, 3;
    %cmp/u;
    %jmp/1 T_10.0, 6;
    %dup/vec4;
    %pushi/vec4 1, 0, 3;
    %cmp/u;
    %jmp/1 T_10.1, 6;
    %dup/vec4;
    %pushi/vec4 3, 0, 3;
    %cmp/u;
    %jmp/1 T_10.2, 6;
    %dup/vec4;
    %pushi/vec4 4, 0, 3;
    %cmp/u;
    %jmp/1 T_10.3, 6;
    %dup/vec4;
    %pushi/vec4 2, 0, 3;
    %cmp/u;
    %jmp/1 T_10.4, 6;
    %pushi/vec4 0, 0, 4;
    %store/vec4 v0x5f9bae73d7c0_0, 0, 4;
    %jmp T_10.6;
T_10.0 ;
    %pushi/vec4 0, 0, 4;
    %store/vec4 v0x5f9bae73d7c0_0, 0, 4;
    %jmp T_10.6;
T_10.1 ;
    %pushi/vec4 1, 0, 4;
    %store/vec4 v0x5f9bae73d7c0_0, 0, 4;
    %jmp T_10.6;
T_10.2 ;
    %pushi/vec4 12, 0, 4;
    %store/vec4 v0x5f9bae73d7c0_0, 0, 4;
    %jmp T_10.6;
T_10.3 ;
    %pushi/vec4 11, 0, 4;
    %store/vec4 v0x5f9bae73d7c0_0, 0, 4;
    %jmp T_10.6;
T_10.4 ;
    %load/vec4 v0x5f9bae73db00_0;
    %dup/vec4;
    %pushi/vec4 0, 0, 3;
    %cmp/u;
    %jmp/1 T_10.7, 6;
    %dup/vec4;
    %pushi/vec4 1, 0, 3;
    %cmp/u;
    %jmp/1 T_10.8, 6;
    %dup/vec4;
    %pushi/vec4 2, 0, 3;
    %cmp/u;
    %jmp/1 T_10.9, 6;
    %dup/vec4;
    %pushi/vec4 3, 0, 3;
    %cmp/u;
    %jmp/1 T_10.10, 6;
    %dup/vec4;
    %pushi/vec4 4, 0, 3;
    %cmp/u;
    %jmp/1 T_10.11, 6;
    %dup/vec4;
    %pushi/vec4 5, 0, 3;
    %cmp/u;
    %jmp/1 T_10.12, 6;
    %dup/vec4;
    %pushi/vec4 6, 0, 3;
    %cmp/u;
    %jmp/1 T_10.13, 6;
    %dup/vec4;
    %pushi/vec4 7, 0, 3;
    %cmp/u;
    %jmp/1 T_10.14, 6;
    %pushi/vec4 0, 0, 4;
    %store/vec4 v0x5f9bae73d7c0_0, 0, 4;
    %jmp T_10.16;
T_10.7 ;
    %load/vec4 v0x5f9bae73dc30_0;
    %parti/s 1, 5, 4;
    %flag_set/vec4 9;
    %flag_get/vec4 9;
    %jmp/0 T_10.19, 9;
    %load/vec4 v0x5f9bae73e340_0;
    %pushi/vec4 51, 0, 7;
    %cmp/e;
    %flag_get/vec4 4;
    %and;
T_10.19;
    %flag_set/vec4 8;
    %jmp/0 T_10.17, 8;
    %pushi/vec4 1, 0, 4;
    %jmp/1 T_10.18, 8;
T_10.17 ; End of true expr.
    %pushi/vec4 0, 0, 4;
    %jmp/0 T_10.18, 8;
 ; End of false expr.
    %blend;
T_10.18;
    %store/vec4 v0x5f9bae73d7c0_0, 0, 4;
    %jmp T_10.16;
T_10.8 ;
    %pushi/vec4 6, 0, 4;
    %store/vec4 v0x5f9bae73d7c0_0, 0, 4;
    %jmp T_10.16;
T_10.9 ;
    %pushi/vec4 9, 0, 4;
    %store/vec4 v0x5f9bae73d7c0_0, 0, 4;
    %jmp T_10.16;
T_10.10 ;
    %pushi/vec4 10, 0, 4;
    %store/vec4 v0x5f9bae73d7c0_0, 0, 4;
    %jmp T_10.16;
T_10.11 ;
    %pushi/vec4 5, 0, 4;
    %store/vec4 v0x5f9bae73d7c0_0, 0, 4;
    %jmp T_10.16;
T_10.12 ;
    %load/vec4 v0x5f9bae73dc30_0;
    %parti/s 1, 5, 4;
    %flag_set/vec4 8;
    %jmp/0 T_10.20, 8;
    %pushi/vec4 8, 0, 4;
    %jmp/1 T_10.21, 8;
T_10.20 ; End of true expr.
    %pushi/vec4 7, 0, 4;
    %jmp/0 T_10.21, 8;
 ; End of false expr.
    %blend;
T_10.21;
    %store/vec4 v0x5f9bae73d7c0_0, 0, 4;
    %jmp T_10.16;
T_10.13 ;
    %pushi/vec4 3, 0, 4;
    %store/vec4 v0x5f9bae73d7c0_0, 0, 4;
    %jmp T_10.16;
T_10.14 ;
    %pushi/vec4 2, 0, 4;
    %store/vec4 v0x5f9bae73d7c0_0, 0, 4;
    %jmp T_10.16;
T_10.16 ;
    %pop/vec4 1;
    %jmp T_10.6;
T_10.6 ;
    %pop/vec4 1;
    %jmp T_10;
    .thread T_10, $push;
    .scope S_0x5f9bae7485a0;
T_11 ;
    %wait E_0x5f9bae66b390;
    %load/vec4 v0x5f9bae749ac0_0;
    %flag_set/vec4 9;
    %flag_get/vec4 9;
    %jmp/0 T_11.2, 9;
    %load/vec4 v0x5f9bae749490_0;
    %pushi/vec4 0, 0, 5;
    %cmp/ne;
    %flag_get/vec4 4;
    %and;
T_11.2;
    %flag_set/vec4 8;
    %jmp/0xz  T_11.0, 8;
    %load/vec4 v0x5f9bae749550_0;
    %load/vec4 v0x5f9bae749490_0;
    %pad/u 7;
    %ix/vec4 3;
    %ix/load 4, 0, 0; Constant delay
    %assign/vec4/a/d v0x5f9bae749630, 0, 4;
T_11.0 ;
    %jmp T_11;
    .thread T_11;
    .scope S_0x5f9bae744000;
T_12 ;
    %wait E_0x5f9bae66b390;
    %load/vec4 v0x5f9bae7457d0_0;
    %flag_set/vec4 8;
    %jmp/1 T_12.2, 8;
    %load/vec4 v0x5f9bae7449a0_0;
    %flag_set/vec4 9;
    %flag_or 8, 9;
T_12.2;
    %jmp/0xz  T_12.0, 8;
    %pushi/vec4 0, 0, 32;
    %assign/vec4 v0x5f9bae745210_0, 0;
    %pushi/vec4 0, 0, 32;
    %assign/vec4 v0x5f9bae745390_0, 0;
    %pushi/vec4 0, 0, 32;
    %assign/vec4 v0x5f9bae745c40_0, 0;
    %pushi/vec4 0, 0, 32;
    %assign/vec4 v0x5f9bae7461a0_0, 0;
    %pushi/vec4 0, 0, 5;
    %assign/vec4 v0x5f9bae745ab0_0, 0;
    %pushi/vec4 0, 0, 5;
    %assign/vec4 v0x5f9bae745de0_0, 0;
    %pushi/vec4 0, 0, 5;
    %assign/vec4 v0x5f9bae745550_0, 0;
    %pushi/vec4 0, 0, 32;
    %assign/vec4 v0x5f9bae744c80_0, 0;
    %pushi/vec4 0, 0, 3;
    %assign/vec4 v0x5f9bae744ae0_0, 0;
    %pushi/vec4 0, 0, 1;
    %assign/vec4 v0x5f9bae7456e0_0, 0;
    %pushi/vec4 0, 0, 1;
    %assign/vec4 v0x5f9bae7447c0_0, 0;
    %pushi/vec4 0, 0, 1;
    %assign/vec4 v0x5f9bae7450d0_0, 0;
    %pushi/vec4 0, 0, 1;
    %assign/vec4 v0x5f9bae744df0_0, 0;
    %pushi/vec4 0, 0, 1;
    %assign/vec4 v0x5f9bae744f30_0, 0;
    %pushi/vec4 0, 0, 2;
    %assign/vec4 v0x5f9bae745940_0, 0;
    %pushi/vec4 0, 0, 4;
    %assign/vec4 v0x5f9bae7445f0_0, 0;
    %jmp T_12.1;
T_12.0 ;
    %load/vec4 v0x5f9bae745170_0;
    %assign/vec4 v0x5f9bae745210_0, 0;
    %load/vec4 v0x5f9bae7452b0_0;
    %assign/vec4 v0x5f9bae745390_0, 0;
    %load/vec4 v0x5f9bae745b80_0;
    %assign/vec4 v0x5f9bae745c40_0, 0;
    %load/vec4 v0x5f9bae7460e0_0;
    %assign/vec4 v0x5f9bae7461a0_0, 0;
    %load/vec4 v0x5f9bae745a10_0;
    %assign/vec4 v0x5f9bae745ab0_0, 0;
    %load/vec4 v0x5f9bae745d20_0;
    %assign/vec4 v0x5f9bae745de0_0, 0;
    %load/vec4 v0x5f9bae745480_0;
    %assign/vec4 v0x5f9bae745550_0, 0;
    %load/vec4 v0x5f9bae744bb0_0;
    %assign/vec4 v0x5f9bae744c80_0, 0;
    %load/vec4 v0x5f9bae744a40_0;
    %assign/vec4 v0x5f9bae744ae0_0, 0;
    %load/vec4 v0x5f9bae745640_0;
    %assign/vec4 v0x5f9bae7456e0_0, 0;
    %load/vec4 v0x5f9bae7446c0_0;
    %assign/vec4 v0x5f9bae7447c0_0, 0;
    %load/vec4 v0x5f9bae745000_0;
    %assign/vec4 v0x5f9bae7450d0_0, 0;
    %load/vec4 v0x5f9bae744d20_0;
    %assign/vec4 v0x5f9bae744df0_0, 0;
    %load/vec4 v0x5f9bae744e90_0;
    %assign/vec4 v0x5f9bae744f30_0, 0;
    %load/vec4 v0x5f9bae745870_0;
    %assign/vec4 v0x5f9bae745940_0, 0;
    %load/vec4 v0x5f9bae744530_0;
    %assign/vec4 v0x5f9bae7445f0_0, 0;
T_12.1 ;
    %jmp T_12;
    .thread T_12;
    .scope S_0x5f9bae740170;
T_13 ;
Ewait_4 .event/or E_0x5f9bae7405b0, E_0x0;
    %wait Ewait_4;
    %load/vec4 v0x5f9bae7407f0_0;
    %flag_set/vec4 10;
    %flag_get/vec4 10;
    %jmp/0 T_13.3, 10;
    %load/vec4 v0x5f9bae740720_0;
    %pushi/vec4 0, 0, 5;
    %cmp/ne;
    %flag_get/vec4 4;
    %and;
T_13.3;
    %flag_set/vec4 9;
    %flag_get/vec4 9;
    %jmp/0 T_13.2, 9;
    %load/vec4 v0x5f9bae740720_0;
    %load/vec4 v0x5f9bae740c60_0;
    %cmp/e;
    %flag_get/vec4 4;
    %and;
T_13.2;
    %flag_set/vec4 8;
    %jmp/0xz  T_13.0, 8;
    %pushi/vec4 2, 0, 2;
    %store/vec4 v0x5f9bae740990_0, 0, 2;
    %jmp T_13.1;
T_13.0 ;
    %load/vec4 v0x5f9bae741070_0;
    %flag_set/vec4 10;
    %flag_get/vec4 10;
    %jmp/0 T_13.7, 10;
    %load/vec4 v0x5f9bae740fb0_0;
    %pushi/vec4 0, 0, 5;
    %cmp/ne;
    %flag_get/vec4 4;
    %and;
T_13.7;
    %flag_set/vec4 9;
    %flag_get/vec4 9;
    %jmp/0 T_13.6, 9;
    %load/vec4 v0x5f9bae740fb0_0;
    %load/vec4 v0x5f9bae740c60_0;
    %cmp/e;
    %flag_get/vec4 4;
    %and;
T_13.6;
    %flag_set/vec4 8;
    %jmp/0xz  T_13.4, 8;
    %pushi/vec4 1, 0, 2;
    %store/vec4 v0x5f9bae740990_0, 0, 2;
    %jmp T_13.5;
T_13.4 ;
    %pushi/vec4 0, 0, 2;
    %store/vec4 v0x5f9bae740990_0, 0, 2;
T_13.5 ;
T_13.1 ;
    %jmp T_13;
    .thread T_13, $push;
    .scope S_0x5f9bae740170;
T_14 ;
Ewait_5 .event/or E_0x5f9bae740570, E_0x0;
    %wait Ewait_5;
    %load/vec4 v0x5f9bae7407f0_0;
    %flag_set/vec4 10;
    %flag_get/vec4 10;
    %jmp/0 T_14.3, 10;
    %load/vec4 v0x5f9bae740720_0;
    %pushi/vec4 0, 0, 5;
    %cmp/ne;
    %flag_get/vec4 4;
    %and;
T_14.3;
    %flag_set/vec4 9;
    %flag_get/vec4 9;
    %jmp/0 T_14.2, 9;
    %load/vec4 v0x5f9bae740720_0;
    %load/vec4 v0x5f9bae740d40_0;
    %cmp/e;
    %flag_get/vec4 4;
    %and;
T_14.2;
    %flag_set/vec4 8;
    %jmp/0xz  T_14.0, 8;
    %pushi/vec4 2, 0, 2;
    %store/vec4 v0x5f9bae740b80_0, 0, 2;
    %jmp T_14.1;
T_14.0 ;
    %load/vec4 v0x5f9bae741070_0;
    %flag_set/vec4 10;
    %flag_get/vec4 10;
    %jmp/0 T_14.7, 10;
    %load/vec4 v0x5f9bae740fb0_0;
    %pushi/vec4 0, 0, 5;
    %cmp/ne;
    %flag_get/vec4 4;
    %and;
T_14.7;
    %flag_set/vec4 9;
    %flag_get/vec4 9;
    %jmp/0 T_14.6, 9;
    %load/vec4 v0x5f9bae740fb0_0;
    %load/vec4 v0x5f9bae740d40_0;
    %cmp/e;
    %flag_get/vec4 4;
    %and;
T_14.6;
    %flag_set/vec4 8;
    %jmp/0xz  T_14.4, 8;
    %pushi/vec4 1, 0, 2;
    %store/vec4 v0x5f9bae740b80_0, 0, 2;
    %jmp T_14.5;
T_14.4 ;
    %pushi/vec4 0, 0, 2;
    %store/vec4 v0x5f9bae740b80_0, 0, 2;
T_14.5 ;
T_14.1 ;
    %jmp T_14;
    .thread T_14, $push;
    .scope S_0x5f9bae740170;
T_15 ;
Ewait_6 .event/or E_0x5f9bae7404f0, E_0x0;
    %wait Ewait_6;
    %load/vec4 v0x5f9bae7407f0_0;
    %flag_set/vec4 11;
    %flag_get/vec4 11;
    %jmp/0 T_15.4, 11;
    %load/vec4 v0x5f9bae740650_0;
    %nor/r;
    %and;
T_15.4;
    %flag_set/vec4 10;
    %flag_get/vec4 10;
    %jmp/0 T_15.3, 10;
    %load/vec4 v0x5f9bae740720_0;
    %pushi/vec4 0, 0, 5;
    %cmp/ne;
    %flag_get/vec4 4;
    %and;
T_15.3;
    %flag_set/vec4 9;
    %flag_get/vec4 9;
    %jmp/0 T_15.2, 9;
    %load/vec4 v0x5f9bae740720_0;
    %load/vec4 v0x5f9bae740e20_0;
    %cmp/e;
    %flag_get/vec4 4;
    %and;
T_15.2;
    %flag_set/vec4 8;
    %jmp/0xz  T_15.0, 8;
    %pushi/vec4 1, 0, 2;
    %store/vec4 v0x5f9bae7408f0_0, 0, 2;
    %jmp T_15.1;
T_15.0 ;
    %load/vec4 v0x5f9bae741070_0;
    %flag_set/vec4 10;
    %flag_get/vec4 10;
    %jmp/0 T_15.8, 10;
    %load/vec4 v0x5f9bae740fb0_0;
    %pushi/vec4 0, 0, 5;
    %cmp/ne;
    %flag_get/vec4 4;
    %and;
T_15.8;
    %flag_set/vec4 9;
    %flag_get/vec4 9;
    %jmp/0 T_15.7, 9;
    %load/vec4 v0x5f9bae740fb0_0;
    %load/vec4 v0x5f9bae740e20_0;
    %cmp/e;
    %flag_get/vec4 4;
    %and;
T_15.7;
    %flag_set/vec4 8;
    %jmp/0xz  T_15.5, 8;
    %pushi/vec4 2, 0, 2;
    %store/vec4 v0x5f9bae7408f0_0, 0, 2;
    %jmp T_15.6;
T_15.5 ;
    %pushi/vec4 0, 0, 2;
    %store/vec4 v0x5f9bae7408f0_0, 0, 2;
T_15.6 ;
T_15.1 ;
    %jmp T_15;
    .thread T_15, $push;
    .scope S_0x5f9bae740170;
T_16 ;
Ewait_7 .event/or E_0x5f9bae727420, E_0x0;
    %wait Ewait_7;
    %load/vec4 v0x5f9bae7407f0_0;
    %flag_set/vec4 11;
    %flag_get/vec4 11;
    %jmp/0 T_16.4, 11;
    %load/vec4 v0x5f9bae740650_0;
    %nor/r;
    %and;
T_16.4;
    %flag_set/vec4 10;
    %flag_get/vec4 10;
    %jmp/0 T_16.3, 10;
    %load/vec4 v0x5f9bae740720_0;
    %pushi/vec4 0, 0, 5;
    %cmp/ne;
    %flag_get/vec4 4;
    %and;
T_16.3;
    %flag_set/vec4 9;
    %flag_get/vec4 9;
    %jmp/0 T_16.2, 9;
    %load/vec4 v0x5f9bae740720_0;
    %load/vec4 v0x5f9bae740ee0_0;
    %cmp/e;
    %flag_get/vec4 4;
    %and;
T_16.2;
    %flag_set/vec4 8;
    %jmp/0xz  T_16.0, 8;
    %pushi/vec4 1, 0, 2;
    %store/vec4 v0x5f9bae740aa0_0, 0, 2;
    %jmp T_16.1;
T_16.0 ;
    %load/vec4 v0x5f9bae741070_0;
    %flag_set/vec4 10;
    %flag_get/vec4 10;
    %jmp/0 T_16.8, 10;
    %load/vec4 v0x5f9bae740fb0_0;
    %pushi/vec4 0, 0, 5;
    %cmp/ne;
    %flag_get/vec4 4;
    %and;
T_16.8;
    %flag_set/vec4 9;
    %flag_get/vec4 9;
    %jmp/0 T_16.7, 9;
    %load/vec4 v0x5f9bae740fb0_0;
    %load/vec4 v0x5f9bae740ee0_0;
    %cmp/e;
    %flag_get/vec4 4;
    %and;
T_16.7;
    %flag_set/vec4 8;
    %jmp/0xz  T_16.5, 8;
    %pushi/vec4 2, 0, 2;
    %store/vec4 v0x5f9bae740aa0_0, 0, 2;
    %jmp T_16.6;
T_16.5 ;
    %pushi/vec4 0, 0, 2;
    %store/vec4 v0x5f9bae740aa0_0, 0, 2;
T_16.6 ;
T_16.1 ;
    %jmp T_16;
    .thread T_16, $push;
    .scope S_0x5f9bae738ca0;
T_17 ;
Ewait_8 .event/or E_0x5f9bae66b650, E_0x0;
    %wait Ewait_8;
    %load/vec4 v0x5f9bae739ed0_0;
    %dup/vec4;
    %pushi/vec4 0, 0, 4;
    %cmp/u;
    %jmp/1 T_17.0, 6;
    %dup/vec4;
    %pushi/vec4 1, 0, 4;
    %cmp/u;
    %jmp/1 T_17.1, 6;
    %dup/vec4;
    %pushi/vec4 2, 0, 4;
    %cmp/u;
    %jmp/1 T_17.2, 6;
    %dup/vec4;
    %pushi/vec4 3, 0, 4;
    %cmp/u;
    %jmp/1 T_17.3, 6;
    %dup/vec4;
    %pushi/vec4 4, 0, 4;
    %cmp/u;
    %jmp/1 T_17.4, 6;
    %dup/vec4;
    %pushi/vec4 5, 0, 4;
    %cmp/u;
    %jmp/1 T_17.5, 6;
    %dup/vec4;
    %pushi/vec4 6, 0, 4;
    %cmp/u;
    %jmp/1 T_17.6, 6;
    %dup/vec4;
    %pushi/vec4 7, 0, 4;
    %cmp/u;
    %jmp/1 T_17.7, 6;
    %dup/vec4;
    %pushi/vec4 8, 0, 4;
    %cmp/u;
    %jmp/1 T_17.8, 6;
    %dup/vec4;
    %pushi/vec4 9, 0, 4;
    %cmp/u;
    %jmp/1 T_17.9, 6;
    %dup/vec4;
    %pushi/vec4 10, 0, 4;
    %cmp/u;
    %jmp/1 T_17.10, 6;
    %dup/vec4;
    %pushi/vec4 11, 0, 4;
    %cmp/u;
    %jmp/1 T_17.11, 6;
    %dup/vec4;
    %pushi/vec4 12, 0, 4;
    %cmp/u;
    %jmp/1 T_17.12, 6;
    %dup/vec4;
    %pushi/vec4 13, 0, 4;
    %cmp/u;
    %jmp/1 T_17.13, 6;
    %dup/vec4;
    %pushi/vec4 14, 0, 4;
    %cmp/u;
    %jmp/1 T_17.14, 6;
    %dup/vec4;
    %pushi/vec4 15, 0, 4;
    %cmp/u;
    %jmp/1 T_17.15, 6;
    %pushi/vec4 0, 0, 32;
    %store/vec4 v0x5f9bae73a070_0, 0, 32;
    %jmp T_17.17;
T_17.0 ;
    %load/vec4 v0x5f9bae739ab0_0;
    %load/vec4 v0x5f9bae739b90_0;
    %add;
    %store/vec4 v0x5f9bae73a070_0, 0, 32;
    %jmp T_17.17;
T_17.1 ;
    %load/vec4 v0x5f9bae739ab0_0;
    %load/vec4 v0x5f9bae739b90_0;
    %sub;
    %store/vec4 v0x5f9bae73a070_0, 0, 32;
    %jmp T_17.17;
T_17.2 ;
    %load/vec4 v0x5f9bae739ab0_0;
    %load/vec4 v0x5f9bae739b90_0;
    %and;
    %store/vec4 v0x5f9bae73a070_0, 0, 32;
    %jmp T_17.17;
T_17.3 ;
    %load/vec4 v0x5f9bae739ab0_0;
    %load/vec4 v0x5f9bae739b90_0;
    %or;
    %store/vec4 v0x5f9bae73a070_0, 0, 32;
    %jmp T_17.17;
T_17.4 ;
    %load/vec4 v0x5f9bae739ab0_0;
    %load/vec4 v0x5f9bae739b90_0;
    %or;
    %inv;
    %store/vec4 v0x5f9bae73a070_0, 0, 32;
    %jmp T_17.17;
T_17.5 ;
    %load/vec4 v0x5f9bae739ab0_0;
    %load/vec4 v0x5f9bae739b90_0;
    %xor;
    %store/vec4 v0x5f9bae73a070_0, 0, 32;
    %jmp T_17.17;
T_17.6 ;
    %load/vec4 v0x5f9bae739ab0_0;
    %ix/getv 4, v0x5f9bae73a150_0;
    %shiftl 4;
    %store/vec4 v0x5f9bae73a070_0, 0, 32;
    %jmp T_17.17;
T_17.7 ;
    %load/vec4 v0x5f9bae739ab0_0;
    %ix/getv 4, v0x5f9bae73a150_0;
    %shiftr 4;
    %store/vec4 v0x5f9bae73a070_0, 0, 32;
    %jmp T_17.17;
T_17.8 ;
    %load/vec4 v0x5f9bae739ab0_0;
    %ix/getv 4, v0x5f9bae73a150_0;
    %shiftr/s 4;
    %store/vec4 v0x5f9bae73a070_0, 0, 32;
    %jmp T_17.17;
T_17.9 ;
    %load/vec4 v0x5f9bae739ab0_0;
    %load/vec4 v0x5f9bae739b90_0;
    %cmp/s;
    %flag_mov 8, 5;
    %jmp/0 T_17.18, 8;
    %pushi/vec4 1, 0, 32;
    %jmp/1 T_17.19, 8;
T_17.18 ; End of true expr.
    %pushi/vec4 0, 0, 32;
    %jmp/0 T_17.19, 8;
 ; End of false expr.
    %blend;
T_17.19;
    %store/vec4 v0x5f9bae73a070_0, 0, 32;
    %jmp T_17.17;
T_17.10 ;
    %load/vec4 v0x5f9bae739ab0_0;
    %load/vec4 v0x5f9bae739b90_0;
    %cmp/u;
    %flag_mov 8, 5;
    %jmp/0 T_17.20, 8;
    %pushi/vec4 1, 0, 32;
    %jmp/1 T_17.21, 8;
T_17.20 ; End of true expr.
    %pushi/vec4 0, 0, 32;
    %jmp/0 T_17.21, 8;
 ; End of false expr.
    %blend;
T_17.21;
    %store/vec4 v0x5f9bae73a070_0, 0, 32;
    %jmp T_17.17;
T_17.11 ;
    %load/vec4 v0x5f9bae739ab0_0;
    %load/vec4 v0x5f9bae739b90_0;
    %parti/s 20, 12, 5;
    %concati/vec4 0, 0, 12;
    %add;
    %store/vec4 v0x5f9bae73a070_0, 0, 32;
    %jmp T_17.17;
T_17.12 ;
    %load/vec4 v0x5f9bae739b90_0;
    %parti/s 20, 12, 5;
    %concati/vec4 0, 0, 12;
    %store/vec4 v0x5f9bae73a070_0, 0, 32;
    %jmp T_17.17;
T_17.13 ;
    %load/vec4 v0x5f9bae739ab0_0;
    %store/vec4 v0x5f9bae73a070_0, 0, 32;
    %jmp T_17.17;
T_17.14 ;
    %load/vec4 v0x5f9bae739b90_0;
    %store/vec4 v0x5f9bae73a070_0, 0, 32;
    %jmp T_17.17;
T_17.15 ;
    %pushi/vec4 0, 0, 32;
    %store/vec4 v0x5f9bae73a070_0, 0, 32;
    %jmp T_17.17;
T_17.17 ;
    %pop/vec4 1;
    %jmp T_17;
    .thread T_17, $push;
    .scope S_0x5f9bae73eb90;
T_18 ;
    %wait E_0x5f9bae66b390;
    %load/vec4 v0x5f9bae73f900_0;
    %flag_set/vec4 8;
    %jmp/0xz  T_18.0, 8;
    %pushi/vec4 0, 0, 32;
    %assign/vec4 v0x5f9bae73ee00_0, 0;
    %pushi/vec4 0, 0, 32;
    %assign/vec4 v0x5f9bae73fd70_0, 0;
    %pushi/vec4 0, 0, 5;
    %assign/vec4 v0x5f9bae73f6a0_0, 0;
    %pushi/vec4 0, 0, 3;
    %assign/vec4 v0x5f9bae73f040_0, 0;
    %pushi/vec4 0, 0, 32;
    %assign/vec4 v0x5f9bae73f4e0_0, 0;
    %pushi/vec4 0, 0, 1;
    %assign/vec4 v0x5f9bae73f840_0, 0;
    %pushi/vec4 0, 0, 1;
    %assign/vec4 v0x5f9bae73f1d0_0, 0;
    %pushi/vec4 0, 0, 1;
    %assign/vec4 v0x5f9bae73f350_0, 0;
    %pushi/vec4 0, 0, 2;
    %assign/vec4 v0x5f9bae73fbb0_0, 0;
    %jmp T_18.1;
T_18.0 ;
    %load/vec4 v0x5f9bae73ed20_0;
    %assign/vec4 v0x5f9bae73ee00_0, 0;
    %load/vec4 v0x5f9bae73fc90_0;
    %assign/vec4 v0x5f9bae73fd70_0, 0;
    %load/vec4 v0x5f9bae73f5c0_0;
    %assign/vec4 v0x5f9bae73f6a0_0, 0;
    %load/vec4 v0x5f9bae73efa0_0;
    %assign/vec4 v0x5f9bae73f040_0, 0;
    %load/vec4 v0x5f9bae73f420_0;
    %assign/vec4 v0x5f9bae73f4e0_0, 0;
    %load/vec4 v0x5f9bae73f780_0;
    %assign/vec4 v0x5f9bae73f840_0, 0;
    %load/vec4 v0x5f9bae73f130_0;
    %assign/vec4 v0x5f9bae73f1d0_0, 0;
    %load/vec4 v0x5f9bae73f290_0;
    %assign/vec4 v0x5f9bae73f350_0, 0;
    %load/vec4 v0x5f9bae73f9c0_0;
    %assign/vec4 v0x5f9bae73fbb0_0, 0;
T_18.1 ;
    %jmp T_18;
    .thread T_18;
    .scope S_0x5f9bae73a3f0;
T_19 ;
    %fork t_5, S_0x5f9bae73a720;
    %jmp t_4;
    .scope S_0x5f9bae73a720;
t_5 ;
    %pushi/vec4 0, 0, 32;
    %store/vec4 v0x5f9bae73a920_0, 0, 32;
T_19.0 ;
    %load/vec4 v0x5f9bae73a920_0;
    %cmpi/s 4096, 0, 32;
    %jmp/0xz T_19.1, 5;
    %pushi/vec4 0, 0, 32;
    %ix/getv/s 4, v0x5f9bae73a920_0;
    %store/vec4a v0x5f9bae73b4d0, 4, 0;
    ; show_stmt_assign_vector: Get l-value for compressed += operand
    %load/vec4 v0x5f9bae73a920_0;
    %pushi/vec4 1, 0, 32;
    %add;
    %cast2;
    %store/vec4 v0x5f9bae73a920_0, 0, 32;
    %jmp T_19.0;
T_19.1 ;
    %end;
    .scope S_0x5f9bae73a3f0;
t_4 %join;
    %end;
    .thread T_19;
    .scope S_0x5f9bae73a3f0;
T_20 ;
Ewait_9 .event/or E_0x5f9bae66aad0, E_0x0;
    %wait Ewait_9;
    %load/vec4 v0x5f9bae73bab0_0;
    %load/vec4 v0x5f9bae73b250_0;
    %pad/u 32;
    %muli 8, 0, 32;
    %ix/vec4 4;
    %shiftl 4;
    %store/vec4 v0x5f9bae73b8f0_0, 0, 32;
    %load/vec4 v0x5f9bae73b3f0_0;
    %parti/s 2, 0, 2;
    %dup/vec4;
    %pushi/vec4 0, 0, 2;
    %cmp/u;
    %jmp/1 T_20.0, 6;
    %dup/vec4;
    %pushi/vec4 1, 0, 2;
    %cmp/u;
    %jmp/1 T_20.1, 6;
    %dup/vec4;
    %pushi/vec4 2, 0, 2;
    %cmp/u;
    %jmp/1 T_20.2, 6;
    %pushi/vec4 0, 0, 4;
    %store/vec4 v0x5f9bae73b170_0, 0, 4;
    %jmp T_20.4;
T_20.0 ;
    %pushi/vec4 1, 0, 4;
    %ix/getv 4, v0x5f9bae73b250_0;
    %shiftl 4;
    %store/vec4 v0x5f9bae73b170_0, 0, 4;
    %jmp T_20.4;
T_20.1 ;
    %pushi/vec4 3, 0, 4;
    %ix/getv 4, v0x5f9bae73b250_0;
    %shiftl 4;
    %store/vec4 v0x5f9bae73b170_0, 0, 4;
    %jmp T_20.4;
T_20.2 ;
    %pushi/vec4 15, 0, 4;
    %store/vec4 v0x5f9bae73b170_0, 0, 4;
    %jmp T_20.4;
T_20.4 ;
    %pop/vec4 1;
    %jmp T_20;
    .thread T_20, $push;
    .scope S_0x5f9bae73a3f0;
T_21 ;
    %wait E_0x5f9bae66b390;
    %load/vec4 v0x5f9bae73b590_0;
    %flag_set/vec4 8;
    %jmp/0xz  T_21.0, 8;
    %load/vec4 v0x5f9bae73b170_0;
    %parti/s 1, 0, 2;
    %flag_set/vec4 8;
    %jmp/0xz  T_21.2, 8;
    %load/vec4 v0x5f9bae73b8f0_0;
    %parti/s 8, 0, 2;
    %load/vec4 v0x5f9bae73b9d0_0;
    %pad/u 14;
    %ix/vec4 3;
    %ix/load 4, 0, 0; Constant delay
    %assign/vec4/a/d v0x5f9bae73b4d0, 0, 4;
T_21.2 ;
    %load/vec4 v0x5f9bae73b170_0;
    %parti/s 1, 1, 2;
    %flag_set/vec4 8;
    %jmp/0xz  T_21.4, 8;
    %load/vec4 v0x5f9bae73b8f0_0;
    %parti/s 8, 8, 5;
    %load/vec4 v0x5f9bae73b9d0_0;
    %pad/u 14;
    %ix/vec4 3;
    %ix/load 4, 8, 0; part off
    %ix/load 5, 0, 0; Constant delay
    %assign/vec4/a/d v0x5f9bae73b4d0, 4, 5;
T_21.4 ;
    %load/vec4 v0x5f9bae73b170_0;
    %parti/s 1, 2, 3;
    %flag_set/vec4 8;
    %jmp/0xz  T_21.6, 8;
    %load/vec4 v0x5f9bae73b8f0_0;
    %parti/s 8, 16, 6;
    %load/vec4 v0x5f9bae73b9d0_0;
    %pad/u 14;
    %ix/vec4 3;
    %ix/load 4, 16, 0; part off
    %ix/load 5, 0, 0; Constant delay
    %assign/vec4/a/d v0x5f9bae73b4d0, 4, 5;
T_21.6 ;
    %load/vec4 v0x5f9bae73b170_0;
    %parti/s 1, 3, 3;
    %flag_set/vec4 8;
    %jmp/0xz  T_21.8, 8;
    %load/vec4 v0x5f9bae73b8f0_0;
    %parti/s 8, 24, 6;
    %load/vec4 v0x5f9bae73b9d0_0;
    %pad/u 14;
    %ix/vec4 3;
    %ix/load 4, 24, 0; part off
    %ix/load 5, 0, 0; Constant delay
    %assign/vec4/a/d v0x5f9bae73b4d0, 4, 5;
T_21.8 ;
T_21.0 ;
    %jmp T_21;
    .thread T_21;
    .scope S_0x5f9bae73a3f0;
T_22 ;
Ewait_10 .event/or E_0x5f9bae66b0d0, E_0x0;
    %wait Ewait_10;
    %load/vec4 v0x5f9bae73b3f0_0;
    %dup/vec4;
    %pushi/vec4 0, 0, 3;
    %cmp/u;
    %jmp/1 T_22.0, 6;
    %dup/vec4;
    %pushi/vec4 1, 0, 3;
    %cmp/u;
    %jmp/1 T_22.1, 6;
    %dup/vec4;
    %pushi/vec4 2, 0, 3;
    %cmp/u;
    %jmp/1 T_22.2, 6;
    %dup/vec4;
    %pushi/vec4 4, 0, 3;
    %cmp/u;
    %jmp/1 T_22.3, 6;
    %dup/vec4;
    %pushi/vec4 5, 0, 3;
    %cmp/u;
    %jmp/1 T_22.4, 6;
    %pushi/vec4 0, 0, 32;
    %store/vec4 v0x5f9bae73b730_0, 0, 32;
    %jmp T_22.6;
T_22.0 ;
    %load/vec4 v0x5f9bae73b810_0;
    %parti/s 1, 7, 4;
    %replicate 24;
    %load/vec4 v0x5f9bae73b810_0;
    %parti/s 8, 0, 2;
    %concat/vec4; draw_concat_vec4
    %store/vec4 v0x5f9bae73b730_0, 0, 32;
    %jmp T_22.6;
T_22.1 ;
    %load/vec4 v0x5f9bae73b810_0;
    %parti/s 1, 15, 5;
    %replicate 16;
    %load/vec4 v0x5f9bae73b810_0;
    %parti/s 16, 0, 2;
    %concat/vec4; draw_concat_vec4
    %store/vec4 v0x5f9bae73b730_0, 0, 32;
    %jmp T_22.6;
T_22.2 ;
    %load/vec4 v0x5f9bae73b650_0;
    %store/vec4 v0x5f9bae73b730_0, 0, 32;
    %jmp T_22.6;
T_22.3 ;
    %pushi/vec4 0, 0, 24;
    %load/vec4 v0x5f9bae73b810_0;
    %parti/s 8, 0, 2;
    %concat/vec4; draw_concat_vec4
    %store/vec4 v0x5f9bae73b730_0, 0, 32;
    %jmp T_22.6;
T_22.4 ;
    %pushi/vec4 0, 0, 16;
    %load/vec4 v0x5f9bae73b810_0;
    %parti/s 16, 0, 2;
    %concat/vec4; draw_concat_vec4
    %store/vec4 v0x5f9bae73b730_0, 0, 32;
    %jmp T_22.6;
T_22.6 ;
    %pop/vec4 1;
    %jmp T_22;
    .thread T_22, $push;
    .scope S_0x5f9bae747470;
T_23 ;
    %wait E_0x5f9bae66b390;
    %load/vec4 v0x5f9bae748130_0;
    %flag_set/vec4 8;
    %jmp/0xz  T_23.0, 8;
    %pushi/vec4 0, 0, 32;
    %assign/vec4 v0x5f9bae7478e0_0, 0;
    %pushi/vec4 0, 0, 32;
    %assign/vec4 v0x5f9bae747ea0_0, 0;
    %pushi/vec4 0, 0, 32;
    %assign/vec4 v0x5f9bae747b90_0, 0;
    %pushi/vec4 0, 0, 5;
    %assign/vec4 v0x5f9bae747d10_0, 0;
    %pushi/vec4 0, 0, 1;
    %assign/vec4 v0x5f9bae748090_0, 0;
    %pushi/vec4 0, 0, 2;
    %assign/vec4 v0x5f9bae7482a0_0, 0;
    %jmp T_23.1;
T_23.0 ;
    %load/vec4 v0x5f9bae7477b0_0;
    %assign/vec4 v0x5f9bae7478e0_0, 0;
    %load/vec4 v0x5f9bae747dd0_0;
    %assign/vec4 v0x5f9bae747ea0_0, 0;
    %load/vec4 v0x5f9bae747af0_0;
    %assign/vec4 v0x5f9bae747b90_0, 0;
    %load/vec4 v0x5f9bae747c50_0;
    %assign/vec4 v0x5f9bae747d10_0, 0;
    %load/vec4 v0x5f9bae747ff0_0;
    %assign/vec4 v0x5f9bae748090_0, 0;
    %load/vec4 v0x5f9bae7481d0_0;
    %assign/vec4 v0x5f9bae7482a0_0, 0;
T_23.1 ;
    %jmp T_23;
    .thread T_23;
    .scope S_0x5f9bae738850;
T_24 ;
    %wait E_0x5f9bae66b390;
    %load/vec4 v0x5f9bae74ea10_0;
    %flag_set/vec4 8;
    %jmp/0xz  T_24.0, 8;
    %pushi/vec4 0, 0, 32;
    %assign/vec4 v0x5f9bae74dbc0_0, 0;
    %jmp T_24.1;
T_24.0 ;
    %load/vec4 v0x5f9bae74e2c0_0;
    %nor/r;
    %flag_set/vec4 8;
    %jmp/0xz  T_24.2, 8;
    %load/vec4 v0x5f9bae74dd70_0;
    %assign/vec4 v0x5f9bae74dbc0_0, 0;
T_24.2 ;
T_24.1 ;
    %jmp T_24;
    .thread T_24;
    .scope S_0x5f9bae738850;
T_25 ;
Ewait_11 .event/or E_0x5f9bae66a1e0, E_0x0;
    %wait Ewait_11;
    %load/vec4 v0x5f9bae74c680_0;
    %dup/vec4;
    %pushi/vec4 0, 0, 3;
    %cmp/u;
    %jmp/1 T_25.0, 6;
    %dup/vec4;
    %pushi/vec4 1, 0, 3;
    %cmp/u;
    %jmp/1 T_25.1, 6;
    %dup/vec4;
    %pushi/vec4 4, 0, 3;
    %cmp/u;
    %jmp/1 T_25.2, 6;
    %dup/vec4;
    %pushi/vec4 5, 0, 3;
    %cmp/u;
    %jmp/1 T_25.3, 6;
    %dup/vec4;
    %pushi/vec4 6, 0, 3;
    %cmp/u;
    %jmp/1 T_25.4, 6;
    %dup/vec4;
    %pushi/vec4 7, 0, 3;
    %cmp/u;
    %jmp/1 T_25.5, 6;
    %pushi/vec4 0, 0, 1;
    %store/vec4 v0x5f9bae74c080_0, 0, 1;
    %jmp T_25.7;
T_25.0 ;
    %load/vec4 v0x5f9bae74f1d0_0;
    %load/vec4 v0x5f9bae74f740_0;
    %cmp/e;
    %flag_get/vec4 4;
    %store/vec4 v0x5f9bae74c080_0, 0, 1;
    %jmp T_25.7;
T_25.1 ;
    %load/vec4 v0x5f9bae74f1d0_0;
    %load/vec4 v0x5f9bae74f740_0;
    %cmp/ne;
    %flag_get/vec4 4;
    %store/vec4 v0x5f9bae74c080_0, 0, 1;
    %jmp T_25.7;
T_25.2 ;
    %load/vec4 v0x5f9bae74f3d0_0;
    %load/vec4 v0x5f9bae74f920_0;
    %cmp/s;
    %flag_get/vec4 5;
    %store/vec4 v0x5f9bae74c080_0, 0, 1;
    %jmp T_25.7;
T_25.3 ;
    %load/vec4 v0x5f9bae74f920_0;
    %load/vec4 v0x5f9bae74f3d0_0;
    %cmp/s;
    %flag_get/vec4 4;
    %flag_get/vec4 5;
    %or;
    %store/vec4 v0x5f9bae74c080_0, 0, 1;
    %jmp T_25.7;
T_25.4 ;
    %load/vec4 v0x5f9bae74f1d0_0;
    %load/vec4 v0x5f9bae74f740_0;
    %cmp/u;
    %flag_get/vec4 5;
    %store/vec4 v0x5f9bae74c080_0, 0, 1;
    %jmp T_25.7;
T_25.5 ;
    %load/vec4 v0x5f9bae74f740_0;
    %load/vec4 v0x5f9bae74f1d0_0;
    %cmp/u;
    %flag_get/vec4 4;
    %flag_get/vec4 5;
    %or;
    %store/vec4 v0x5f9bae74c080_0, 0, 1;
    %jmp T_25.7;
T_25.7 ;
    %pop/vec4 1;
    %jmp T_25;
    .thread T_25, $push;
    .scope S_0x5f9bae738850;
T_26 ;
Ewait_12 .event/or E_0x5f9bae66adb0, E_0x0;
    %wait Ewait_12;
    %load/vec4 v0x5f9bae74d170_0;
    %flag_set/vec4 9;
    %flag_get/vec4 9;
    %jmp/0 T_26.2, 9;
    %load/vec4 v0x5f9bae74d990_0;
    %pushi/vec4 103, 0, 7;
    %cmp/e;
    %flag_get/vec4 4;
    %and;
T_26.2;
    %flag_set/vec4 8;
    %jmp/0xz  T_26.0, 8;
    %load/vec4 v0x5f9bae74d090_0;
    %store/vec4 v0x5f9bae74dd70_0, 0, 32;
    %jmp T_26.1;
T_26.0 ;
    %load/vec4 v0x5f9bae74d170_0;
    %flag_set/vec4 8;
    %jmp/1 T_26.5, 8;
    %load/vec4 v0x5f9bae74bfe0_0;
    %flag_set/vec4 10;
    %flag_get/vec4 10;
    %jmp/0 T_26.6, 10;
    %load/vec4 v0x5f9bae74c080_0;
    %and;
T_26.6;
    %flag_set/vec4 9;
    %flag_or 8, 9;
T_26.5;
    %jmp/0xz  T_26.3, 8;
    %load/vec4 v0x5f9bae74c120_0;
    %store/vec4 v0x5f9bae74dd70_0, 0, 32;
    %jmp T_26.4;
T_26.3 ;
    %load/vec4 v0x5f9bae74dcb0_0;
    %store/vec4 v0x5f9bae74dd70_0, 0, 32;
T_26.4 ;
T_26.1 ;
    %jmp T_26;
    .thread T_26, $push;
    .scope S_0x5f9bae738850;
T_27 ;
Ewait_13 .event/or E_0x5f9bae66b9d0, E_0x0;
    %wait Ewait_13;
    %load/vec4 v0x5f9bae74ee00_0;
    %dup/vec4;
    %pushi/vec4 0, 0, 2;
    %cmp/u;
    %jmp/1 T_27.0, 6;
    %dup/vec4;
    %pushi/vec4 1, 0, 2;
    %cmp/u;
    %jmp/1 T_27.1, 6;
    %dup/vec4;
    %pushi/vec4 2, 0, 2;
    %cmp/u;
    %jmp/1 T_27.2, 6;
    %pushi/vec4 0, 0, 32;
    %store/vec4 v0x5f9bae74eec0_0, 0, 32;
    %jmp T_27.4;
T_27.0 ;
    %load/vec4 v0x5f9bae74bcf0_0;
    %store/vec4 v0x5f9bae74eec0_0, 0, 32;
    %jmp T_27.4;
T_27.1 ;
    %load/vec4 v0x5f9bae74e6d0_0;
    %store/vec4 v0x5f9bae74eec0_0, 0, 32;
    %jmp T_27.4;
T_27.2 ;
    %load/vec4 v0x5f9bae74e160_0;
    %store/vec4 v0x5f9bae74eec0_0, 0, 32;
    %jmp T_27.4;
T_27.4 ;
    %pop/vec4 1;
    %jmp T_27;
    .thread T_27, $push;
    .scope S_0x5f9bae6c01d0;
T_28 ;
    %pushi/vec4 0, 0, 1;
    %store/vec4 v0x5f9bae74ff50_0, 0, 1;
    %pushi/vec4 0, 0, 32;
    %store/vec4 v0x5f9bae7501b0_0, 0, 32;
    %pushi/vec4 0, 0, 32;
    %store/vec4 v0x5f9bae750010_0, 0, 32;
    %end;
    .thread T_28, $init;
    .scope S_0x5f9bae6c01d0;
T_29 ;
    %delay 5000, 0;
    %load/vec4 v0x5f9bae74ff50_0;
    %inv;
    %store/vec4 v0x5f9bae74ff50_0, 0, 1;
    %jmp T_29;
    .thread T_29;
    .scope S_0x5f9bae6c01d0;
T_30 ;
    %wait E_0x5f9bae66b390;
    %load/vec4 v0x5f9bae750290_0;
    %nor/r;
    %flag_set/vec4 8;
    %jmp/0xz  T_30.0, 8;
    %load/vec4 v0x5f9bae74d210_0;
    %flag_set/vec4 8;
    %jmp/0xz  T_30.2, 8;
    ; show_stmt_assign_vector: Get l-value for compressed += operand
    %load/vec4 v0x5f9bae750380_0;
    %pushi/vec4 1, 0, 32;
    %add;
    %cast2;
    %store/vec4 v0x5f9bae750380_0, 0, 32;
T_30.2 ;
    %load/vec4 v0x5f9bae74caf0_0;
    %flag_set/vec4 8;
    %jmp/0xz  T_30.4, 8;
    ; show_stmt_assign_vector: Get l-value for compressed += operand
    %load/vec4 v0x5f9bae7500f0_0;
    %pushi/vec4 1, 0, 32;
    %add;
    %cast2;
    %store/vec4 v0x5f9bae7500f0_0, 0, 32;
T_30.4 ;
T_30.0 ;
    %jmp T_30;
    .thread T_30;
    .scope S_0x5f9bae6c01d0;
T_31 ;
    %vpi_call/w 3 86 "$dumpfile", "cpuTopPipelined_tb.vcd" {0 0 0};
    %vpi_call/w 3 87 "$dumpvars", 32'sb00000000000000000000000000000000, S_0x5f9bae6c01d0 {0 0 0};
    %vpi_call/w 3 91 "$readmemh", "sv_cpuTopPipelined/cpu_test_prog.hex", v0x5f9bae743e00 {0 0 0};
    %alloc S_0x5f9bae738090;
    %fork TD_cpuTopPipelined_tb.clear_dut_state, S_0x5f9bae738090;
    %join;
    %free S_0x5f9bae738090;
    %alloc S_0x5f9bae74fc90;
    %pushi/vec4 60, 0, 32;
    %store/vec4 v0x5f9bae74fe70_0, 0, 32;
    %fork TD_cpuTopPipelined_tb.run_reset, S_0x5f9bae74fc90;
    %join;
    %free S_0x5f9bae74fc90;
    %vpi_call/w 3 95 "$display", "========================================================" {0 0 0};
    %vpi_call/w 3 96 "$display", "PHASE 1: cpu_test_prog.hex (equivalence vs. single-cycle)" {0 0 0};
    %vpi_call/w 3 97 "$display", "========================================================" {0 0 0};
    %alloc S_0x5f9bae6d6120;
    %pushi/vec4 1, 0, 5;
    %store/vec4 v0x5f9bae737fb0_0, 0, 5;
    %pushi/vec4 5, 0, 32;
    %store/vec4 v0x5f9bae6f5540_0, 0, 32;
    %pushi/str "addi x1,x0,5";
    %store/str v0x5f9bae737f10_0;
    %fork TD_cpuTopPipelined_tb.check_reg, S_0x5f9bae6d6120;
    %join;
    %free S_0x5f9bae6d6120;
    %alloc S_0x5f9bae6d6120;
    %pushi/vec4 2, 0, 5;
    %store/vec4 v0x5f9bae737fb0_0, 0, 5;
    %pushi/vec4 7, 0, 32;
    %store/vec4 v0x5f9bae6f5540_0, 0, 32;
    %pushi/str "addi x2,x0,7";
    %store/str v0x5f9bae737f10_0;
    %fork TD_cpuTopPipelined_tb.check_reg, S_0x5f9bae6d6120;
    %join;
    %free S_0x5f9bae6d6120;
    %alloc S_0x5f9bae6d6120;
    %pushi/vec4 3, 0, 5;
    %store/vec4 v0x5f9bae737fb0_0, 0, 5;
    %pushi/vec4 12, 0, 32;
    %store/vec4 v0x5f9bae6f5540_0, 0, 32;
    %pushi/str "add x3,x1,x2";
    %store/str v0x5f9bae737f10_0;
    %fork TD_cpuTopPipelined_tb.check_reg, S_0x5f9bae6d6120;
    %join;
    %free S_0x5f9bae6d6120;
    %alloc S_0x5f9bae6d6120;
    %pushi/vec4 4, 0, 5;
    %store/vec4 v0x5f9bae737fb0_0, 0, 5;
    %pushi/vec4 2, 0, 32;
    %store/vec4 v0x5f9bae6f5540_0, 0, 32;
    %pushi/str "sub x4,x2,x1";
    %store/str v0x5f9bae737f10_0;
    %fork TD_cpuTopPipelined_tb.check_reg, S_0x5f9bae6d6120;
    %join;
    %free S_0x5f9bae6d6120;
    %alloc S_0x5f9bae6d6120;
    %pushi/vec4 5, 0, 5;
    %store/vec4 v0x5f9bae737fb0_0, 0, 5;
    %pushi/vec4 5, 0, 32;
    %store/vec4 v0x5f9bae6f5540_0, 0, 32;
    %pushi/str "and x5,x1,x2";
    %store/str v0x5f9bae737f10_0;
    %fork TD_cpuTopPipelined_tb.check_reg, S_0x5f9bae6d6120;
    %join;
    %free S_0x5f9bae6d6120;
    %alloc S_0x5f9bae6d6120;
    %pushi/vec4 6, 0, 5;
    %store/vec4 v0x5f9bae737fb0_0, 0, 5;
    %pushi/vec4 7, 0, 32;
    %store/vec4 v0x5f9bae6f5540_0, 0, 32;
    %pushi/str "or  x6,x1,x2";
    %store/str v0x5f9bae737f10_0;
    %fork TD_cpuTopPipelined_tb.check_reg, S_0x5f9bae6d6120;
    %join;
    %free S_0x5f9bae6d6120;
    %alloc S_0x5f9bae6d6120;
    %pushi/vec4 7, 0, 5;
    %store/vec4 v0x5f9bae737fb0_0, 0, 5;
    %pushi/vec4 1, 0, 32;
    %store/vec4 v0x5f9bae6f5540_0, 0, 32;
    %pushi/str "slt x7,x1,x2";
    %store/str v0x5f9bae737f10_0;
    %fork TD_cpuTopPipelined_tb.check_reg, S_0x5f9bae6d6120;
    %join;
    %free S_0x5f9bae6d6120;
    %alloc S_0x5f9bae6d6120;
    %pushi/vec4 8, 0, 5;
    %store/vec4 v0x5f9bae737fb0_0, 0, 5;
    %pushi/vec4 0, 0, 32;
    %store/vec4 v0x5f9bae6f5540_0, 0, 32;
    %pushi/str "sltu x8,x2,x1";
    %store/str v0x5f9bae737f10_0;
    %fork TD_cpuTopPipelined_tb.check_reg, S_0x5f9bae6d6120;
    %join;
    %free S_0x5f9bae6d6120;
    %alloc S_0x5f9bae6d6120;
    %pushi/vec4 9, 0, 5;
    %store/vec4 v0x5f9bae737fb0_0, 0, 5;
    %pushi/vec4 305419896, 0, 32;
    %store/vec4 v0x5f9bae6f5540_0, 0, 32;
    %pushi/str "lui+addi build";
    %store/str v0x5f9bae737f10_0;
    %fork TD_cpuTopPipelined_tb.check_reg, S_0x5f9bae6d6120;
    %join;
    %free S_0x5f9bae6d6120;
    %alloc S_0x5f9bae6d6120;
    %pushi/vec4 10, 0, 5;
    %store/vec4 v0x5f9bae737fb0_0, 0, 5;
    %pushi/vec4 12, 0, 32;
    %store/vec4 v0x5f9bae6f5540_0, 0, 32;
    %pushi/str "lw  x10,0(x0)";
    %store/str v0x5f9bae737f10_0;
    %fork TD_cpuTopPipelined_tb.check_reg, S_0x5f9bae6d6120;
    %join;
    %free S_0x5f9bae6d6120;
    %alloc S_0x5f9bae6d6120;
    %pushi/vec4 11, 0, 5;
    %store/vec4 v0x5f9bae737fb0_0, 0, 5;
    %pushi/vec4 7, 0, 32;
    %store/vec4 v0x5f9bae6f5540_0, 0, 32;
    %pushi/str "lbu x11,8(x0)";
    %store/str v0x5f9bae737f10_0;
    %fork TD_cpuTopPipelined_tb.check_reg, S_0x5f9bae6d6120;
    %join;
    %free S_0x5f9bae6d6120;
    %alloc S_0x5f9bae6d6120;
    %pushi/vec4 12, 0, 5;
    %store/vec4 v0x5f9bae737fb0_0, 0, 5;
    %pushi/vec4 1, 0, 32;
    %store/vec4 v0x5f9bae6f5540_0, 0, 32;
    %pushi/str "beq landing";
    %store/str v0x5f9bae737f10_0;
    %fork TD_cpuTopPipelined_tb.check_reg, S_0x5f9bae6d6120;
    %join;
    %free S_0x5f9bae6d6120;
    %alloc S_0x5f9bae6d6120;
    %pushi/vec4 13, 0, 5;
    %store/vec4 v0x5f9bae737fb0_0, 0, 5;
    %pushi/vec4 44, 0, 32;
    %store/vec4 v0x5f9bae6f5540_0, 0, 32;
    %pushi/str "bne fallthrough";
    %store/str v0x5f9bae737f10_0;
    %fork TD_cpuTopPipelined_tb.check_reg, S_0x5f9bae6d6120;
    %join;
    %free S_0x5f9bae6d6120;
    %alloc S_0x5f9bae6d6120;
    %pushi/vec4 14, 0, 5;
    %store/vec4 v0x5f9bae737fb0_0, 0, 5;
    %pushi/vec4 80, 0, 32;
    %store/vec4 v0x5f9bae6f5540_0, 0, 32;
    %pushi/str "jal link addr";
    %store/str v0x5f9bae737f10_0;
    %fork TD_cpuTopPipelined_tb.check_reg, S_0x5f9bae6d6120;
    %join;
    %free S_0x5f9bae6d6120;
    %alloc S_0x5f9bae6d6120;
    %pushi/vec4 15, 0, 5;
    %store/vec4 v0x5f9bae737fb0_0, 0, 5;
    %pushi/vec4 84, 0, 32;
    %store/vec4 v0x5f9bae6f5540_0, 0, 32;
    %pushi/str "auipc own addr";
    %store/str v0x5f9bae737f10_0;
    %fork TD_cpuTopPipelined_tb.check_reg, S_0x5f9bae6d6120;
    %join;
    %free S_0x5f9bae6d6120;
    %alloc S_0x5f9bae6d6120;
    %pushi/vec4 16, 0, 5;
    %store/vec4 v0x5f9bae737fb0_0, 0, 5;
    %pushi/vec4 100, 0, 32;
    %store/vec4 v0x5f9bae6f5540_0, 0, 32;
    %pushi/str "computed jalr target";
    %store/str v0x5f9bae737f10_0;
    %fork TD_cpuTopPipelined_tb.check_reg, S_0x5f9bae6d6120;
    %join;
    %free S_0x5f9bae6d6120;
    %alloc S_0x5f9bae6d6120;
    %pushi/vec4 17, 0, 5;
    %store/vec4 v0x5f9bae737fb0_0, 0, 5;
    %pushi/vec4 96, 0, 32;
    %store/vec4 v0x5f9bae6f5540_0, 0, 32;
    %pushi/str "jalr link addr";
    %store/str v0x5f9bae737f10_0;
    %fork TD_cpuTopPipelined_tb.check_reg, S_0x5f9bae6d6120;
    %join;
    %free S_0x5f9bae6d6120;
    %alloc S_0x5f9bae6d6120;
    %pushi/vec4 18, 0, 5;
    %store/vec4 v0x5f9bae737fb0_0, 0, 5;
    %pushi/vec4 9, 0, 32;
    %store/vec4 v0x5f9bae6f5540_0, 0, 32;
    %pushi/str "jalr landing";
    %store/str v0x5f9bae737f10_0;
    %fork TD_cpuTopPipelined_tb.check_reg, S_0x5f9bae6d6120;
    %join;
    %free S_0x5f9bae6d6120;
    %alloc S_0x5f9bae6d6120;
    %pushi/vec4 20, 0, 5;
    %store/vec4 v0x5f9bae737fb0_0, 0, 5;
    %pushi/vec4 0, 0, 32;
    %store/vec4 v0x5f9bae6f5540_0, 0, 32;
    %pushi/str "POISON A untouched";
    %store/str v0x5f9bae737f10_0;
    %fork TD_cpuTopPipelined_tb.check_reg, S_0x5f9bae6d6120;
    %join;
    %free S_0x5f9bae6d6120;
    %alloc S_0x5f9bae6d6120;
    %pushi/vec4 21, 0, 5;
    %store/vec4 v0x5f9bae737fb0_0, 0, 5;
    %pushi/vec4 0, 0, 32;
    %store/vec4 v0x5f9bae6f5540_0, 0, 32;
    %pushi/str "POISON B untouched";
    %store/str v0x5f9bae737f10_0;
    %fork TD_cpuTopPipelined_tb.check_reg, S_0x5f9bae6d6120;
    %join;
    %free S_0x5f9bae6d6120;
    %alloc S_0x5f9bae6d6120;
    %pushi/vec4 22, 0, 5;
    %store/vec4 v0x5f9bae737fb0_0, 0, 5;
    %pushi/vec4 0, 0, 32;
    %store/vec4 v0x5f9bae6f5540_0, 0, 32;
    %pushi/str "POISON C untouched";
    %store/str v0x5f9bae737f10_0;
    %fork TD_cpuTopPipelined_tb.check_reg, S_0x5f9bae6d6120;
    %join;
    %free S_0x5f9bae6d6120;
    %alloc S_0x5f9bae6d64f0;
    %pushi/vec4 0, 0, 32;
    %store/vec4 v0x5f9bae6c3aa0_0, 0, 32;
    %pushi/vec4 12, 0, 32;
    %store/vec4 v0x5f9bae6d2b20_0, 0, 32;
    %pushi/str "sw x3,0(x0)";
    %store/str v0x5f9bae6fe0b0_0;
    %fork TD_cpuTopPipelined_tb.check_mem_word, S_0x5f9bae6d64f0;
    %join;
    %free S_0x5f9bae6d64f0;
    %ix/load 4, 2, 0;
    %flag_set/imm 4, 0;
    %load/vec4a v0x5f9bae73b4d0, 4;
    %parti/s 8, 0, 2;
    %cmpi/e 7, 0, 8;
    %jmp/0xz  T_31.0, 6;
    ; show_stmt_assign_vector: Get l-value for compressed += operand
    %load/vec4 v0x5f9bae7501b0_0;
    %pushi/vec4 1, 0, 32;
    %add;
    %cast2;
    %store/vec4 v0x5f9bae7501b0_0, 0, 32;
    %vpi_call/w 3 124 "$display", "  PASS  dMem[2][7:0] (sb x2,8(x0)  ) = 0x%02h", &APV<v0x5f9bae73b4d0, 2, 0, 8> {0 0 0};
    %jmp T_31.1;
T_31.0 ;
    ; show_stmt_assign_vector: Get l-value for compressed += operand
    %load/vec4 v0x5f9bae750010_0;
    %pushi/vec4 1, 0, 32;
    %add;
    %cast2;
    %store/vec4 v0x5f9bae750010_0, 0, 32;
    %vpi_call/w 3 127 "$display", "  FAIL  dMem[2][7:0] (sb x2,8(x0)  ): expected 0x07, got 0x%02h", &APV<v0x5f9bae73b4d0, 2, 0, 8> {0 0 0};
T_31.1 ;
    %alloc S_0x5f9bae6d9e90;
    %load/vec4 v0x5f9bae750380_0;
    %store/vec4 v0x5f9bae6be080_0, 0, 32;
    %pushi/vec4 1, 0, 32;
    %store/vec4 v0x5f9bae6be240_0, 0, 32;
    %pushi/str "phase1 stall_count (Rule 2 x1)";
    %store/str v0x5f9bae6be5e0_0;
    %fork TD_cpuTopPipelined_tb.check_count, S_0x5f9bae6d9e90;
    %join;
    %free S_0x5f9bae6d9e90;
    %alloc S_0x5f9bae6d9e90;
    %load/vec4 v0x5f9bae7500f0_0;
    %store/vec4 v0x5f9bae6be080_0, 0, 32;
    %pushi/vec4 3, 0, 32;
    %store/vec4 v0x5f9bae6be240_0, 0, 32;
    %pushi/str "phase1 flush_count (beq+jal+jalr)";
    %store/str v0x5f9bae6be5e0_0;
    %fork TD_cpuTopPipelined_tb.check_count, S_0x5f9bae6d9e90;
    %join;
    %free S_0x5f9bae6d9e90;
    %vpi_call/w 3 139 "$readmemh", "sv_cpuTopPipelined/hazard_prog.hex", v0x5f9bae743e00 {0 0 0};
    %alloc S_0x5f9bae738090;
    %fork TD_cpuTopPipelined_tb.clear_dut_state, S_0x5f9bae738090;
    %join;
    %free S_0x5f9bae738090;
    %alloc S_0x5f9bae74fc90;
    %pushi/vec4 90, 0, 32;
    %store/vec4 v0x5f9bae74fe70_0, 0, 32;
    %fork TD_cpuTopPipelined_tb.run_reset, S_0x5f9bae74fc90;
    %join;
    %free S_0x5f9bae74fc90;
    %vpi_call/w 3 143 "$display", "========================================================" {0 0 0};
    %vpi_call/w 3 144 "$display", "PHASE 2: hazard_prog.hex (hazard/forward coverage)" {0 0 0};
    %vpi_call/w 3 145 "$display", "========================================================" {0 0 0};
    %vpi_call/w 3 147 "$display", "--- Block A: EX forward, distance 1 (zero stall) ---" {0 0 0};
    %alloc S_0x5f9bae6d6120;
    %pushi/vec4 1, 0, 5;
    %store/vec4 v0x5f9bae737fb0_0, 0, 5;
    %pushi/vec4 10, 0, 32;
    %store/vec4 v0x5f9bae6f5540_0, 0, 32;
    %pushi/str "addi x1,x0,10";
    %store/str v0x5f9bae737f10_0;
    %fork TD_cpuTopPipelined_tb.check_reg, S_0x5f9bae6d6120;
    %join;
    %free S_0x5f9bae6d6120;
    %alloc S_0x5f9bae6d6120;
    %pushi/vec4 2, 0, 5;
    %store/vec4 v0x5f9bae737fb0_0, 0, 5;
    %pushi/vec4 15, 0, 32;
    %store/vec4 v0x5f9bae6f5540_0, 0, 32;
    %pushi/str "addi x2,x1,5 (EX/MEM fwd)";
    %store/str v0x5f9bae737f10_0;
    %fork TD_cpuTopPipelined_tb.check_reg, S_0x5f9bae6d6120;
    %join;
    %free S_0x5f9bae6d6120;
    %vpi_call/w 3 151 "$display", "--- Block B: EX forward, distance 2 (zero stall) ---" {0 0 0};
    %alloc S_0x5f9bae6d6120;
    %pushi/vec4 3, 0, 5;
    %store/vec4 v0x5f9bae737fb0_0, 0, 5;
    %pushi/vec4 20, 0, 32;
    %store/vec4 v0x5f9bae6f5540_0, 0, 32;
    %pushi/str "addi x3,x0,20";
    %store/str v0x5f9bae737f10_0;
    %fork TD_cpuTopPipelined_tb.check_reg, S_0x5f9bae6d6120;
    %join;
    %free S_0x5f9bae6d6120;
    %alloc S_0x5f9bae6d6120;
    %pushi/vec4 4, 0, 5;
    %store/vec4 v0x5f9bae737fb0_0, 0, 5;
    %pushi/vec4 21, 0, 32;
    %store/vec4 v0x5f9bae6f5540_0, 0, 32;
    %pushi/str "addi x4,x3,1 (MEM/WB fwd)";
    %store/str v0x5f9bae737f10_0;
    %fork TD_cpuTopPipelined_tb.check_reg, S_0x5f9bae6d6120;
    %join;
    %free S_0x5f9bae6d6120;
    %vpi_call/w 3 155 "$display", "--- Block C: universal load-use, Rule 1 (1 stall) ---" {0 0 0};
    %alloc S_0x5f9bae6d6120;
    %pushi/vec4 5, 0, 5;
    %store/vec4 v0x5f9bae737fb0_0, 0, 5;
    %pushi/vec4 99, 0, 32;
    %store/vec4 v0x5f9bae6f5540_0, 0, 32;
    %pushi/str "addi x5,x0,99";
    %store/str v0x5f9bae737f10_0;
    %fork TD_cpuTopPipelined_tb.check_reg, S_0x5f9bae6d6120;
    %join;
    %free S_0x5f9bae6d6120;
    %alloc S_0x5f9bae6d6120;
    %pushi/vec4 6, 0, 5;
    %store/vec4 v0x5f9bae737fb0_0, 0, 5;
    %pushi/vec4 99, 0, 32;
    %store/vec4 v0x5f9bae6f5540_0, 0, 32;
    %pushi/str "lw x6,0(x0)";
    %store/str v0x5f9bae737f10_0;
    %fork TD_cpuTopPipelined_tb.check_reg, S_0x5f9bae6d6120;
    %join;
    %free S_0x5f9bae6d6120;
    %alloc S_0x5f9bae6d6120;
    %pushi/vec4 7, 0, 5;
    %store/vec4 v0x5f9bae737fb0_0, 0, 5;
    %pushi/vec4 100, 0, 32;
    %store/vec4 v0x5f9bae6f5540_0, 0, 32;
    %pushi/str "addi x7,x6,1 (post-stall fwd)";
    %store/str v0x5f9bae737f10_0;
    %fork TD_cpuTopPipelined_tb.check_reg, S_0x5f9bae6d6120;
    %join;
    %free S_0x5f9bae6d6120;
    %alloc S_0x5f9bae6d64f0;
    %pushi/vec4 0, 0, 32;
    %store/vec4 v0x5f9bae6c3aa0_0, 0, 32;
    %pushi/vec4 99, 0, 32;
    %store/vec4 v0x5f9bae6d2b20_0, 0, 32;
    %pushi/str "sw x5,0(x0) (store-data fwd)";
    %store/str v0x5f9bae6fe0b0_0;
    %fork TD_cpuTopPipelined_tb.check_mem_word, S_0x5f9bae6d64f0;
    %join;
    %free S_0x5f9bae6d64f0;
    %vpi_call/w 3 161 "$display", "--- Block D: ALU-adjacent-to-branch, Rule 2 (1 stall) ---" {0 0 0};
    %alloc S_0x5f9bae6d6120;
    %pushi/vec4 8, 0, 5;
    %store/vec4 v0x5f9bae737fb0_0, 0, 5;
    %pushi/vec4 10, 0, 32;
    %store/vec4 v0x5f9bae6f5540_0, 0, 32;
    %pushi/str "addi x8,x0,10";
    %store/str v0x5f9bae737f10_0;
    %fork TD_cpuTopPipelined_tb.check_reg, S_0x5f9bae6d6120;
    %join;
    %free S_0x5f9bae6d6120;
    %alloc S_0x5f9bae6d6120;
    %pushi/vec4 9, 0, 5;
    %store/vec4 v0x5f9bae737fb0_0, 0, 5;
    %pushi/vec4 1, 0, 32;
    %store/vec4 v0x5f9bae6f5540_0, 0, 32;
    %pushi/str "d_land reached";
    %store/str v0x5f9bae737f10_0;
    %fork TD_cpuTopPipelined_tb.check_reg, S_0x5f9bae6d6120;
    %join;
    %free S_0x5f9bae6d6120;
    %alloc S_0x5f9bae6d6120;
    %pushi/vec4 29, 0, 5;
    %store/vec4 v0x5f9bae737fb0_0, 0, 5;
    %pushi/vec4 0, 0, 32;
    %store/vec4 v0x5f9bae6f5540_0, 0, 32;
    %pushi/str "POISON D untouched";
    %store/str v0x5f9bae737f10_0;
    %fork TD_cpuTopPipelined_tb.check_reg, S_0x5f9bae6d6120;
    %join;
    %free S_0x5f9bae6d6120;
    %vpi_call/w 3 166 "$display", "--- Block E: load 2-away-from-branch, Rule 3 (1 stall) ---" {0 0 0};
    %alloc S_0x5f9bae6d6120;
    %pushi/vec4 11, 0, 5;
    %store/vec4 v0x5f9bae737fb0_0, 0, 5;
    %pushi/vec4 77, 0, 32;
    %store/vec4 v0x5f9bae6f5540_0, 0, 32;
    %pushi/str "addi x11,x0,77";
    %store/str v0x5f9bae737f10_0;
    %fork TD_cpuTopPipelined_tb.check_reg, S_0x5f9bae6d6120;
    %join;
    %free S_0x5f9bae6d6120;
    %alloc S_0x5f9bae6d6120;
    %pushi/vec4 12, 0, 5;
    %store/vec4 v0x5f9bae737fb0_0, 0, 5;
    %pushi/vec4 77, 0, 32;
    %store/vec4 v0x5f9bae6f5540_0, 0, 32;
    %pushi/str "lw x12,4(x0)";
    %store/str v0x5f9bae737f10_0;
    %fork TD_cpuTopPipelined_tb.check_reg, S_0x5f9bae6d6120;
    %join;
    %free S_0x5f9bae6d6120;
    %alloc S_0x5f9bae6d6120;
    %pushi/vec4 13, 0, 5;
    %store/vec4 v0x5f9bae737fb0_0, 0, 5;
    %pushi/vec4 3, 0, 32;
    %store/vec4 v0x5f9bae6f5540_0, 0, 32;
    %pushi/str "addi x13,x0,3 (spacer)";
    %store/str v0x5f9bae737f10_0;
    %fork TD_cpuTopPipelined_tb.check_reg, S_0x5f9bae6d6120;
    %join;
    %free S_0x5f9bae6d6120;
    %alloc S_0x5f9bae6d6120;
    %pushi/vec4 14, 0, 5;
    %store/vec4 v0x5f9bae737fb0_0, 0, 5;
    %pushi/vec4 2, 0, 32;
    %store/vec4 v0x5f9bae6f5540_0, 0, 32;
    %pushi/str "e_land reached";
    %store/str v0x5f9bae737f10_0;
    %fork TD_cpuTopPipelined_tb.check_reg, S_0x5f9bae6d6120;
    %join;
    %free S_0x5f9bae6d6120;
    %alloc S_0x5f9bae6d6120;
    %pushi/vec4 28, 0, 5;
    %store/vec4 v0x5f9bae737fb0_0, 0, 5;
    %pushi/vec4 0, 0, 32;
    %store/vec4 v0x5f9bae6f5540_0, 0, 32;
    %pushi/str "POISON E untouched";
    %store/str v0x5f9bae737f10_0;
    %fork TD_cpuTopPipelined_tb.check_reg, S_0x5f9bae6d6120;
    %join;
    %free S_0x5f9bae6d6120;
    %alloc S_0x5f9bae6d64f0;
    %pushi/vec4 1, 0, 32;
    %store/vec4 v0x5f9bae6c3aa0_0, 0, 32;
    %pushi/vec4 77, 0, 32;
    %store/vec4 v0x5f9bae6d2b20_0, 0, 32;
    %pushi/str "sw x11,4(x0)";
    %store/str v0x5f9bae6fe0b0_0;
    %fork TD_cpuTopPipelined_tb.check_mem_word, S_0x5f9bae6d64f0;
    %join;
    %free S_0x5f9bae6d64f0;
    %vpi_call/w 3 174 "$display", "--- Block F: load immediately before branch (2 stalls) ---" {0 0 0};
    %alloc S_0x5f9bae6d6120;
    %pushi/vec4 15, 0, 5;
    %store/vec4 v0x5f9bae737fb0_0, 0, 5;
    %pushi/vec4 88, 0, 32;
    %store/vec4 v0x5f9bae6f5540_0, 0, 32;
    %pushi/str "addi x15,x0,88";
    %store/str v0x5f9bae737f10_0;
    %fork TD_cpuTopPipelined_tb.check_reg, S_0x5f9bae6d6120;
    %join;
    %free S_0x5f9bae6d6120;
    %alloc S_0x5f9bae6d6120;
    %pushi/vec4 16, 0, 5;
    %store/vec4 v0x5f9bae737fb0_0, 0, 5;
    %pushi/vec4 88, 0, 32;
    %store/vec4 v0x5f9bae6f5540_0, 0, 32;
    %pushi/str "lw x16,8(x0)";
    %store/str v0x5f9bae737f10_0;
    %fork TD_cpuTopPipelined_tb.check_reg, S_0x5f9bae6d6120;
    %join;
    %free S_0x5f9bae6d6120;
    %alloc S_0x5f9bae6d6120;
    %pushi/vec4 17, 0, 5;
    %store/vec4 v0x5f9bae737fb0_0, 0, 5;
    %pushi/vec4 3, 0, 32;
    %store/vec4 v0x5f9bae6f5540_0, 0, 32;
    %pushi/str "f_land reached";
    %store/str v0x5f9bae737f10_0;
    %fork TD_cpuTopPipelined_tb.check_reg, S_0x5f9bae6d6120;
    %join;
    %free S_0x5f9bae6d6120;
    %alloc S_0x5f9bae6d6120;
    %pushi/vec4 27, 0, 5;
    %store/vec4 v0x5f9bae737fb0_0, 0, 5;
    %pushi/vec4 0, 0, 32;
    %store/vec4 v0x5f9bae6f5540_0, 0, 32;
    %pushi/str "POISON F untouched";
    %store/str v0x5f9bae737f10_0;
    %fork TD_cpuTopPipelined_tb.check_reg, S_0x5f9bae6d6120;
    %join;
    %free S_0x5f9bae6d6120;
    %alloc S_0x5f9bae6d64f0;
    %pushi/vec4 2, 0, 32;
    %store/vec4 v0x5f9bae6c3aa0_0, 0, 32;
    %pushi/vec4 88, 0, 32;
    %store/vec4 v0x5f9bae6d2b20_0, 0, 32;
    %pushi/str "sw x15,8(x0)";
    %store/str v0x5f9bae6fe0b0_0;
    %fork TD_cpuTopPipelined_tb.check_mem_word, S_0x5f9bae6d64f0;
    %join;
    %free S_0x5f9bae6d64f0;
    %vpi_call/w 3 181 "$display", "--- Block G: distance-3 forward into ID (zero stall) ---" {0 0 0};
    %alloc S_0x5f9bae6d6120;
    %pushi/vec4 18, 0, 5;
    %store/vec4 v0x5f9bae737fb0_0, 0, 5;
    %pushi/vec4 20, 0, 32;
    %store/vec4 v0x5f9bae6f5540_0, 0, 32;
    %pushi/str "addi x18,x0,20 (matches x3)";
    %store/str v0x5f9bae737f10_0;
    %fork TD_cpuTopPipelined_tb.check_reg, S_0x5f9bae6d6120;
    %join;
    %free S_0x5f9bae6d6120;
    %alloc S_0x5f9bae6d6120;
    %pushi/vec4 19, 0, 5;
    %store/vec4 v0x5f9bae737fb0_0, 0, 5;
    %pushi/vec4 4, 0, 32;
    %store/vec4 v0x5f9bae6f5540_0, 0, 32;
    %pushi/str "g_land reached";
    %store/str v0x5f9bae737f10_0;
    %fork TD_cpuTopPipelined_tb.check_reg, S_0x5f9bae6d6120;
    %join;
    %free S_0x5f9bae6d6120;
    %alloc S_0x5f9bae6d6120;
    %pushi/vec4 26, 0, 5;
    %store/vec4 v0x5f9bae737fb0_0, 0, 5;
    %pushi/vec4 0, 0, 32;
    %store/vec4 v0x5f9bae6f5540_0, 0, 32;
    %pushi/str "POISON G untouched";
    %store/str v0x5f9bae737f10_0;
    %fork TD_cpuTopPipelined_tb.check_reg, S_0x5f9bae6d6120;
    %join;
    %free S_0x5f9bae6d6120;
    %vpi_call/w 3 186 "$display", "--- Block H: JALR target fwd, distance 2 (zero stall) ---" {0 0 0};
    %alloc S_0x5f9bae6d6120;
    %pushi/vec4 20, 0, 5;
    %store/vec4 v0x5f9bae737fb0_0, 0, 5;
    %pushi/vec4 128, 0, 32;
    %store/vec4 v0x5f9bae6f5540_0, 0, 32;
    %pushi/str "auipc x20 own addr";
    %store/str v0x5f9bae737f10_0;
    %fork TD_cpuTopPipelined_tb.check_reg, S_0x5f9bae6d6120;
    %join;
    %free S_0x5f9bae6d6120;
    %alloc S_0x5f9bae6d6120;
    %pushi/vec4 21, 0, 5;
    %store/vec4 v0x5f9bae737fb0_0, 0, 5;
    %pushi/vec4 140, 0, 32;
    %store/vec4 v0x5f9bae6f5540_0, 0, 32;
    %pushi/str "jalr x21 link addr";
    %store/str v0x5f9bae737f10_0;
    %fork TD_cpuTopPipelined_tb.check_reg, S_0x5f9bae6d6120;
    %join;
    %free S_0x5f9bae6d6120;
    %alloc S_0x5f9bae6d6120;
    %pushi/vec4 24, 0, 5;
    %store/vec4 v0x5f9bae737fb0_0, 0, 5;
    %pushi/vec4 1900, 0, 32;
    %store/vec4 v0x5f9bae6f5540_0, 0, 32;
    %pushi/str "h_land reached";
    %store/str v0x5f9bae737f10_0;
    %fork TD_cpuTopPipelined_tb.check_reg, S_0x5f9bae6d6120;
    %join;
    %free S_0x5f9bae6d6120;
    %alloc S_0x5f9bae6d6120;
    %pushi/vec4 25, 0, 5;
    %store/vec4 v0x5f9bae737fb0_0, 0, 5;
    %pushi/vec4 0, 0, 32;
    %store/vec4 v0x5f9bae6f5540_0, 0, 32;
    %pushi/str "POISON H untouched";
    %store/str v0x5f9bae737f10_0;
    %fork TD_cpuTopPipelined_tb.check_reg, S_0x5f9bae6d6120;
    %join;
    %free S_0x5f9bae6d6120;
    %vpi_call/w 3 192 "$display", "--- Block I: full branch comparator coverage ---" {0 0 0};
    %alloc S_0x5f9bae6d6120;
    %pushi/vec4 22, 0, 5;
    %store/vec4 v0x5f9bae737fb0_0, 0, 5;
    %pushi/vec4 3, 0, 32;
    %store/vec4 v0x5f9bae6f5540_0, 0, 32;
    %pushi/str "addi x22,x0,3";
    %store/str v0x5f9bae737f10_0;
    %fork TD_cpuTopPipelined_tb.check_reg, S_0x5f9bae6d6120;
    %join;
    %free S_0x5f9bae6d6120;
    %alloc S_0x5f9bae6d6120;
    %pushi/vec4 23, 0, 5;
    %store/vec4 v0x5f9bae737fb0_0, 0, 5;
    %pushi/vec4 5, 0, 32;
    %store/vec4 v0x5f9bae6f5540_0, 0, 32;
    %pushi/str "addi x23,x0,5";
    %store/str v0x5f9bae737f10_0;
    %fork TD_cpuTopPipelined_tb.check_reg, S_0x5f9bae6d6120;
    %join;
    %free S_0x5f9bae6d6120;
    %alloc S_0x5f9bae6d6120;
    %pushi/vec4 10, 0, 5;
    %store/vec4 v0x5f9bae737fb0_0, 0, 5;
    %pushi/vec4 10, 0, 32;
    %store/vec4 v0x5f9bae6f5540_0, 0, 32;
    %pushi/str "all 4 branch types landed";
    %store/str v0x5f9bae737f10_0;
    %fork TD_cpuTopPipelined_tb.check_reg, S_0x5f9bae6d6120;
    %join;
    %free S_0x5f9bae6d6120;
    %alloc S_0x5f9bae6d6120;
    %pushi/vec4 30, 0, 5;
    %store/vec4 v0x5f9bae737fb0_0, 0, 5;
    %pushi/vec4 0, 0, 32;
    %store/vec4 v0x5f9bae6f5540_0, 0, 32;
    %pushi/str "POISON I untouched (blt/bge/bltu/bgeu)";
    %store/str v0x5f9bae737f10_0;
    %fork TD_cpuTopPipelined_tb.check_reg, S_0x5f9bae6d6120;
    %join;
    %free S_0x5f9bae6d6120;
    %vpi_call/w 3 198 "$display", "--- Hazard/flush timing totals ---" {0 0 0};
    %alloc S_0x5f9bae6d9e90;
    %load/vec4 v0x5f9bae750380_0;
    %store/vec4 v0x5f9bae6be080_0, 0, 32;
    %pushi/vec4 6, 0, 32;
    %store/vec4 v0x5f9bae6be240_0, 0, 32;
    %pushi/str "phase2 stall_count";
    %store/str v0x5f9bae6be5e0_0;
    %fork TD_cpuTopPipelined_tb.check_count, S_0x5f9bae6d9e90;
    %join;
    %free S_0x5f9bae6d9e90;
    %alloc S_0x5f9bae6d9e90;
    %load/vec4 v0x5f9bae7500f0_0;
    %store/vec4 v0x5f9bae6be080_0, 0, 32;
    %pushi/vec4 9, 0, 32;
    %store/vec4 v0x5f9bae6be240_0, 0, 32;
    %pushi/str "phase2 flush_count (D+E+F+G+H+I(x4))";
    %store/str v0x5f9bae6be5e0_0;
    %fork TD_cpuTopPipelined_tb.check_count, S_0x5f9bae6d9e90;
    %join;
    %free S_0x5f9bae6d9e90;
    %vpi_call/w 3 202 "$display", "========================================================" {0 0 0};
    %vpi_call/w 3 203 "$display", "%0d passed, %0d failed", v0x5f9bae7501b0_0, v0x5f9bae750010_0 {0 0 0};
    %vpi_call/w 3 204 "$display", "========================================================" {0 0 0};
    %vpi_call/w 3 206 "$finish" {0 0 0};
    %end;
    .thread T_31;
# The file index is used to find the file name in the following table.
:file_names 16;
    "N/A";
    "<interactive>";
    "-";
    "sv_cpuTopPipelined/cputopPipelined_tb.sv";
    "sv_cpuTopPipelined/cpuTopPipelined.sv";
    "sv_alu/alu.sv";
    "sv_dMem/dMem.sv";
    "sv_decoder/decoder.sv";
    "sv_cpuTopPipelined/ExMemReg.sv";
    "sv_cpuTopPipelined/forwardUnit.sv";
    "sv_cpuTopPipelined/hazardUnit.sv";
    "sv_iMem/iMem.sv";
    "sv_cpuTopPipelined/IdExReg.sv";
    "sv_cpuTopPipelined/IfIdReg.sv";
    "sv_cpuTopPipelined/MemWbReg.sv";
    "sv_register/register.sv";
